Tipo,Valor,Reputación,Detectados,Fecha,País,Registrar,Categorías,NombreArchivo,TipoArchivo,Tamaño
Dominio,securedata.net,2205,46,2025-04-13 21:44,,NameCheap,Forcepoint ThreatSeeker,,,
IP,192.168.1.1,1551,33,2025-04-09 15:51,EE.UU.,,,,,
Hash,ffeeddaa1122334455667788,1749,64,2025-04-17 17:56,,,,archivo61.exe,Win32 EXE,254532 bytes
IP,8.8.8.8,4076,64,2025-04-11 19:38,Alemania,,,,,
Dominio,mybanksecure.com,2123,50,2025-04-03 21:31,,GoDaddy,Kaspersky,,,
URL,shop123.org,4160,75,2025-04-16 05:23,,,,,,
Dominio,phishpage.org,5665,22,2025-04-03 20:51,,GoDaddy,Kaspersky,,,
Dominio,mybanksecure.com,4028,71,2025-04-19 15:37,,NameCheap,"BitDefender,Dr.Web",,,
Dominio,mybanksecure.com,192,30,2025-04-08 03:52,,NameCheap,"BitDefender,Dr.Web",,,
URL,weather.info,344,100,2025-04-26 14:46,,,,,,
Dominio,securedata.net,5911,42,2025-04-26 00:35,,Google Domains,Kaspersky,,,
URL,weather.info,4837,5,2025-04-18 09:23,,,,,,
Dominio,mybanksecure.com,4056,5,2025-04-17 12:33,,GoDaddy,Kaspersky,,,
Hash,deadbeef1234567890abcd,1848,24,2025-04-30 23:08,,,,archivo63.exe,Win32 EXE,391558 bytes
Dominio,clickbait.site,2807,9,2025-04-25 22:07,,Google Domains,Kaspersky,,,
IP,8.8.8.8,4493,93,2025-04-19 22:49,Desconocido,,,,,
URL,shop123.org,5971,39,2025-04-17 12:50,,,,,,
Dominio,securedata.net,5733,21,2025-04-05 06:55,,GoDaddy,Forcepoint ThreatSeeker,,,
IP,192.168.1.1,834,36,2025-04-11 04:20,Alemania,,,,,
IP,10.0.0.5,3297,11,2025-04-25 06:24,CanadÃ¡,,,,,
Dominio,securedata.net,1658,12,2025-04-05 11:45,,NameCheap,Kaspersky,,,
IP,8.8.8.8,96,28,2025-04-26 22:57,Alemania,,,,,
IP,192.168.1.1,1175,37,2025-04-16 17:29,CanadÃ¡,,,,,
Hash,ffeeddaa1122334455667788,3977,59,2025-04-07 00:09,,,,archivo22.exe,Win32 EXE,134828 bytes
URL,example.com,4357,47,2025-04-01 01:16,,,,,,
Dominio,phishpage.org,5103,5,2025-04-11 22:59,,NameCheap,Forcepoint ThreatSeeker,,,
URL,example.com,5158,57,2025-04-03 09:18,,,,,,
Hash,deadbeef1234567890abcd,1308,36,2025-04-25 14:09,,,,archivo29.exe,Win32 EXE,428721 bytes
IP,172.217.0.0,534,59,2025-04-18 05:12,EE.UU.,,,,,
Dominio,mybanksecure.com,3144,2,2025-04-21 16:19,,Google Domains,Forcepoint ThreatSeeker,,,
Dominio,phishpage.org,-19,75,2025-04-25 02:18,,Google Domains,Forcepoint ThreatSeeker,,,
IP,123.45.67.89,2081,66,2025-04-15 08:32,CanadÃ¡,,,,,
URL,shop123.org,4361,97,2025-04-06 22:25,,,,,,
IP,10.0.0.5,2829,60,2025-04-03 04:03,EE.UU.,,,,,
URL,freevpn.io,398,60,2025-04-15 21:28,,,,,,
Dominio,clickbait.site,1982,15,2025-04-11 02:31,,GoDaddy,Forcepoint ThreatSeeker,,,
Dominio,phishpage.org,2899,39,2025-04-13 02:11,,Google Domains,Forcepoint ThreatSeeker,,,
URL,freevpn.io,274,89,2025-05-01 08:52,,,,,,
Hash,0f1e2d3c4b5a697877665544,3971,22,2025-04-30 11:46,,,,archivo17.exe,Win32 EXE,321166 bytes
IP,192.168.1.1,4639,29,2025-04-10 15:41,Alemania,,,,,
URL,example.com,601,34,2025-04-10 23:09,,,,,,
URL,example.com,3681,92,2025-04-19 02:57,,,,,,
URL,shop123.org,4491,30,2025-04-20 01:47,,,,,,
Hash,deadbeef1234567890abcd,140,66,2025-04-25 06:37,,,,archivo48.exe,Win32 EXE,185920 bytes
Dominio,phishpage.org,3840,91,2025-04-08 20:30,,NameCheap,Forcepoint ThreatSeeker,,,
Hash,a1b2c3d4e5f6g7h8i9j0,3472,40,2025-04-26 18:43,,,,archivo44.exe,Win32 EXE,164115 bytes
IP,172.217.0.0,3823,72,2025-04-25 02:51,CanadÃ¡,,,,,
URL,shop123.org,1090,37,2025-04-27 00:03,,,,,,
Hash,ffeeddaa1122334455667788,3013,63,2025-04-29 18:47,,,,archivo76.exe,Win32 EXE,444681 bytes
URL,weather.info,4084,8,2025-04-06 05:15,,,,,,
Hash,0f1e2d3c4b5a697877665544,3611,29,2025-04-29 19:41,,,,archivo22.exe,Win32 EXE,197734 bytes
Hash,0f1e2d3c4b5a697877665544,3118,28,2025-04-05 13:05,,,,archivo50.exe,Win32 EXE,146921 bytes
Dominio,securedata.net,4233,14,2025-04-24 06:03,,NameCheap,Kaspersky,,,
IP,10.0.0.5,2486,48,2025-04-14 08:53,Alemania,,,,,
Hash,deadbeef1234567890abcd,206,78,2025-04-03 23:45,,,,archivo70.exe,Win32 EXE,200071 bytes
Hash,ffeeddaa1122334455667788,78,100,2025-04-01 21:35,,,,archivo1.exe,Win32 EXE,159274 bytes
Hash,deadbeef1234567890abcd,4052,89,2025-04-19 07:50,,,,archivo44.exe,Win32 EXE,180185 bytes
URL,example.com,1760,17,2025-04-30 14:47,,,,,,
Dominio,phishpage.org,2390,72,2025-04-02 11:57,,NameCheap,Kaspersky,,,
Hash,deadbeef1234567890abcd,504,37,2025-04-17 05:59,,,,archivo6.exe,Win32 EXE,237499 bytes
IP,172.217.0.0,4264,10,2025-04-03 07:42,EE.UU.,,,,,
IP,172.217.0.0,4587,9,2025-04-06 04:44,Alemania,,,,,
Dominio,mybanksecure.com,1308,31,2025-04-25 19:06,,GoDaddy,Kaspersky,,,
IP,8.8.8.8,2692,24,2025-04-02 18:11,CanadÃ¡,,,,,
IP,123.45.67.89,2181,17,2025-04-15 08:54,Alemania,,,,,
URL,weather.info,5294,48,2025-04-27 02:42,,,,,,
Dominio,securedata.net,694,44,2025-04-16 12:28,,GoDaddy,"BitDefender,Dr.Web",,,
Hash,deadbeef1234567890abcd,1999,3,2025-04-04 04:33,,,,archivo84.exe,Win32 EXE,326085 bytes
Dominio,phishpage.org,1395,68,2025-04-13 04:08,,Google Domains,"BitDefender,Dr.Web",,,
URL,example.com,1779,79,2025-04-10 03:42,,,,,,
Hash,0f1e2d3c4b5a697877665544,4654,6,2025-04-03 00:47,,,,archivo57.exe,Win32 EXE,477463 bytes
Hash,deadbeef1234567890abcd,3380,54,2025-04-25 17:15,,,,archivo16.exe,Win32 EXE,181563 bytes
Dominio,securedata.net,1842,80,2025-05-01 00:48,,Google Domains,Kaspersky,,,
Hash,deadbeef1234567890abcd,2076,3,2025-04-15 04:50,,,,archivo66.exe,Win32 EXE,291749 bytes
URL,malicious.net,1598,15,2025-04-04 01:29,,,,,,
Dominio,clickbait.site,579,17,2025-04-13 07:21,,NameCheap,"BitDefender,Dr.Web",,,
Dominio,phishpage.org,359,81,2025-04-23 20:12,,Google Domains,"BitDefender,Dr.Web",,,
Dominio,mybanksecure.com,5595,61,2025-04-04 09:40,,Google Domains,Forcepoint ThreatSeeker,,,
IP,123.45.67.89,1736,35,2025-04-02 04:43,Desconocido,,,,,
URL,weather.info,3077,48,2025-04-25 06:41,,,,,,
URL,freevpn.io,4155,99,2025-04-13 10:03,,,,,,
Hash,0f1e2d3c4b5a697877665544,1602,67,2025-04-09 11:52,,,,archivo53.exe,Win32 EXE,408990 bytes
Hash,deadbeef1234567890abcd,89,12,2025-04-30 10:16,,,,archivo38.exe,Win32 EXE,114847 bytes
Hash,0f1e2d3c4b5a697877665544,43,5,2025-04-30 03:10,,,,archivo44.exe,Win32 EXE,377422 bytes
Dominio,mybanksecure.com,2436,92,2025-04-11 07:30,,GoDaddy,"BitDefender,Dr.Web",,,
Hash,a1b2c3d4e5f6g7h8i9j0,5419,65,2025-04-30 00:46,,,,archivo33.exe,Win32 EXE,424614 bytes
Dominio,mybanksecure.com,1213,100,2025-05-01 00:30,,Google Domains,Forcepoint ThreatSeeker,,,
Hash,0f1e2d3c4b5a697877665544,3563,98,2025-04-04 02:26,,,,archivo54.exe,Win32 EXE,420794 bytes
IP,192.168.1.1,3432,29,2025-04-16 14:16,EE.UU.,,,,,
URL,shop123.org,2547,83,2025-04-14 02:37,,,,,,
Dominio,mybanksecure.com,4946,49,2025-04-23 02:24,,GoDaddy,Forcepoint ThreatSeeker,,,
IP,8.8.8.8,3391,60,2025-04-01 07:20,CanadÃ¡,,,,,
IP,172.217.0.0,1314,36,2025-04-16 18:54,Desconocido,,,,,
IP,192.168.1.1,5767,61,2025-04-27 20:43,EE.UU.,,,,,
Hash,a1b2c3d4e5f6g7h8i9j0,5019,25,2025-04-06 06:07,,,,archivo85.exe,Win32 EXE,408561 bytes
Hash,a1b2c3d4e5f6g7h8i9j0,5703,75,2025-04-17 07:39,,,,archivo57.exe,Win32 EXE,443849 bytes
Hash,ffeeddaa1122334455667788,4462,26,2025-04-30 12:02,,,,archivo42.exe,Win32 EXE,141066 bytes
IP,172.217.0.0,1362,18,2025-04-02 18:24,EE.UU.,,,,,
URL,malicious.net,3371,11,2025-04-30 08:06,,,,,,
Dominio,securedata.net,4696,83,2025-04-30 20:57,,Google Domains,Forcepoint ThreatSeeker,,,
Dominio,securedata.net,3520,35,2025-04-15 16:07,,NameCheap,Kaspersky,,,
URL,malicious.net,18,25,2025-04-15 11:37,,,,,,
Dominio,mybanksecure.com,2291,91,2025-04-11 02:08,,NameCheap,Kaspersky,,,
Hash,deadbeef1234567890abcd,3052,56,2025-04-23 15:20,,,,archivo55.exe,Win32 EXE,195811 bytes
URL,shop123.org,2379,54,2025-04-02 23:19,,,,,,
Dominio,mybanksecure.com,4661,92,2025-04-30 18:04,,NameCheap,Kaspersky,,,
URL,example.com,2051,57,2025-04-01 16:31,,,,,,
Dominio,clickbait.site,3675,36,2025-04-21 22:19,,GoDaddy,Kaspersky,,,
Dominio,securedata.net,3401,94,2025-04-11 01:32,,NameCheap,Kaspersky,,,
URL,shop123.org,1333,21,2025-04-03 13:39,,,,,,
IP,172.217.0.0,100,20,2025-04-10 12:42,CanadÃ¡,,,,,
Hash,a1b2c3d4e5f6g7h8i9j0,2960,39,2025-04-11 01:40,,,,archivo97.exe,Win32 EXE,157196 bytes
URL,shop123.org,3731,77,2025-03-31 22:46,,,,,,
Hash,ffeeddaa1122334455667788,3137,10,2025-04-04 06:25,,,,archivo78.exe,Win32 EXE,343325 bytes
Hash,0f1e2d3c4b5a697877665544,4099,9,2025-04-25 17:18,,,,archivo15.exe,Win32 EXE,482264 bytes
Hash,ffeeddaa1122334455667788,3729,60,2025-04-30 04:53,,,,archivo28.exe,Win32 EXE,208970 bytes
IP,8.8.8.8,3757,83,2025-04-18 05:21,CanadÃ¡,,,,,
URL,freevpn.io,3517,12,2025-04-30 07:48,,,,,,
URL,example.com,3413,41,2025-04-06 16:04,,,,,,
Hash,ffeeddaa1122334455667788,131,45,2025-04-15 06:30,,,,archivo40.exe,Win32 EXE,149703 bytes
IP,172.217.0.0,5514,15,2025-04-07 04:09,Desconocido,,,,,
IP,8.8.8.8,943,36,2025-04-21 07:45,EE.UU.,,,,,
IP,172.217.0.0,1900,83,2025-04-05 08:08,EE.UU.,,,,,
IP,10.0.0.5,1016,11,2025-04-03 04:49,EE.UU.,,,,,
Hash,0f1e2d3c4b5a697877665544,2589,83,2025-04-19 19:14,,,,archivo55.exe,Win32 EXE,100560 bytes
Hash,deadbeef1234567890abcd,4296,17,2025-04-03 20:31,,,,archivo84.exe,Win32 EXE,413257 bytes
Hash,ffeeddaa1122334455667788,3678,83,2025-04-03 08:10,,,,archivo100.exe,Win32 EXE,267982 bytes
Dominio,securedata.net,3299,21,2025-04-18 18:29,,NameCheap,"BitDefender,Dr.Web",,,
Hash,ffeeddaa1122334455667788,383,55,2025-04-10 00:24,,,,archivo85.exe,Win32 EXE,258047 bytes
Dominio,phishpage.org,4917,90,2025-04-08 02:38,,Google Domains,"BitDefender,Dr.Web",,,
Dominio,securedata.net,1483,40,2025-04-26 20:36,,NameCheap,"BitDefender,Dr.Web",,,
Hash,0f1e2d3c4b5a697877665544,694,60,2025-04-03 09:42,,,,archivo90.exe,Win32 EXE,253665 bytes
IP,10.0.0.5,4078,94,2025-04-15 01:29,Desconocido,,,,,
IP,172.217.0.0,362,40,2025-04-16 18:51,Alemania,,,,,
IP,123.45.67.89,2075,35,2025-04-08 07:14,CanadÃ¡,,,,,
URL,freevpn.io,1357,35,2025-04-04 15:48,,,,,,
Hash,deadbeef1234567890abcd,2520,83,2025-04-05 18:10,,,,archivo42.exe,Win32 EXE,437036 bytes
Dominio,mybanksecure.com,4087,90,2025-04-14 07:46,,Google Domains,Kaspersky,,,
Dominio,clickbait.site,5099,18,2025-04-09 01:28,,NameCheap,"BitDefender,Dr.Web",,,
URL,weather.info,3828,78,2025-04-08 07:19,,,,,,
Dominio,mybanksecure.com,334,36,2025-04-19 10:06,,GoDaddy,Kaspersky,,,
Dominio,securedata.net,5894,37,2025-04-20 03:06,,GoDaddy,"BitDefender,Dr.Web",,,
IP,8.8.8.8,4841,73,2025-04-07 02:07,Desconocido,,,,,
Hash,ffeeddaa1122334455667788,4966,23,2025-04-01 00:09,,,,archivo80.exe,Win32 EXE,370928 bytes
Hash,a1b2c3d4e5f6g7h8i9j0,4557,47,2025-05-01 06:16,,,,archivo5.exe,Win32 EXE,279532 bytes
Hash,0f1e2d3c4b5a697877665544,3555,88,2025-04-17 05:02,,,,archivo100.exe,Win32 EXE,196997 bytes
URL,example.com,56,19,2025-04-08 14:53,,,,,,
Hash,ffeeddaa1122334455667788,2333,83,2025-04-29 22:34,,,,archivo42.exe,Win32 EXE,156491 bytes
Dominio,clickbait.site,174,85,2025-05-01 07:04,,GoDaddy,Kaspersky,,,
IP,192.168.1.1,128,64,2025-04-20 02:58,CanadÃ¡,,,,,
Dominio,securedata.net,152,41,2025-04-16 17:37,,NameCheap,Kaspersky,,,
Dominio,phishpage.org,5166,43,2025-04-05 05:26,,Google Domains,"BitDefender,Dr.Web",,,
Hash,deadbeef1234567890abcd,5447,36,2025-04-27 12:46,,,,archivo39.exe,Win32 EXE,217127 bytes
Hash,a1b2c3d4e5f6g7h8i9j0,3269,95,2025-04-01 17:41,,,,archivo25.exe,Win32 EXE,381937 bytes
IP,8.8.8.8,450,100,2025-04-07 04:49,Desconocido,,,,,
URL,malicious.net,4869,41,2025-04-30 14:30,,,,,,
URL,malicious.net,151,24,2025-04-26 23:37,,,,,,
URL,weather.info,2545,29,2025-04-09 07:43,,,,,,
URL,malicious.net,3813,27,2025-04-03 01:12,,,,,,
IP,172.217.0.0,2535,83,2025-04-23 23:38,CanadÃ¡,,,,,
Dominio,phishpage.org,-41,55,2025-04-24 21:11,,GoDaddy,Forcepoint ThreatSeeker,,,
IP,8.8.8.8,3156,34,2025-04-11 16:13,Alemania,,,,,
Hash,a1b2c3d4e5f6g7h8i9j0,3934,32,2025-04-27 19:15,,,,archivo24.exe,Win32 EXE,435361 bytes
Dominio,securedata.net,2842,96,2025-03-31 13:10,,GoDaddy,Forcepoint ThreatSeeker,,,
Dominio,phishpage.org,390,73,2025-04-09 07:54,,NameCheap,Forcepoint ThreatSeeker,,,
Hash,a1b2c3d4e5f6g7h8i9j0,3100,44,2025-04-26 21:16,,,,archivo60.exe,Win32 EXE,384121 bytes
URL,weather.info,2017,93,2025-04-09 02:07,,,,,,
Dominio,mybanksecure.com,4389,100,2025-04-04 13:00,,Google Domains,Forcepoint ThreatSeeker,,,
Hash,deadbeef1234567890abcd,1045,49,2025-04-25 11:29,,,,archivo86.exe,Win32 EXE,208144 bytes
URL,malicious.net,2512,87,2025-04-29 13:03,,,,,,
URL,example.com,2355,53,2025-04-30 15:58,,,,,,
URL,freevpn.io,1101,17,2025-04-03 14:07,,,,,,
URL,shop123.org,4720,25,2025-04-20 23:34,,,,,,
IP,192.168.1.1,3767,80,2025-04-25 19:22,Desconocido,,,,,
IP,172.217.0.0,5931,10,2025-04-30 09:23,CanadÃ¡,,,,,
URL,freevpn.io,4400,21,2025-04-19 15:16,,,,,,
URL,example.com,2368,9,2025-04-11 06:35,,,,,,
URL,weather.info,189,69,2025-04-22 03:21,,,,,,
URL,freevpn.io,3625,17,2025-04-04 17:47,,,,,,
IP,123.45.67.89,5182,0,2025-04-03 11:03,EE.UU.,,,,,
URL,freevpn.io,1173,54,2025-04-09 21:36,,,,,,
Dominio,securedata.net,845,44,2025-04-10 14:31,,NameCheap,Kaspersky,,,
IP,172.217.0.0,866,70,2025-04-19 10:50,Desconocido,,,,,
IP,123.45.67.89,1864,57,2025-04-25 12:49,Alemania,,,,,
URL,weather.info,995,21,2025-04-04 14:49,,,,,,
Dominio,securedata.net,4903,83,2025-04-22 11:38,,NameCheap,Kaspersky,,,
IP,123.45.67.89,3424,79,2025-04-26 17:18,Alemania,,,,,
URL,shop123.org,1056,20,2025-04-18 09:26,,,,,,
URL,example.com,453,40,2025-04-02 12:40,,,,,,
Dominio,mybanksecure.com,127,48,2025-04-11 22:28,,NameCheap,Forcepoint ThreatSeeker,,,
IP,123.45.67.89,2220,80,2025-04-25 16:42,CanadÃ¡,,,,,
IP,10.0.0.5,4684,87,2025-04-13 04:40,CanadÃ¡,,,,,
IP,172.217.0.0,4556,3,2025-04-13 13:33,EE.UU.,,,,,
Hash,ffeeddaa1122334455667788,338,39,2025-04-30 18:51,,,,archivo7.exe,Win32 EXE,385413 bytes
URL,shop123.org,2090,14,2025-05-01 06:23,,,,,,
URL,weather.info,2752,79,2025-04-05 20:42,,,,,,
URL,example.com,2103,75,2025-04-18 19:52,,,,,,
IP,172.217.0.0,1135,77,2025-04-04 20:38,Alemania,,,,,
Dominio,securedata.net,4051,33,2025-04-01 02:51,,GoDaddy,Forcepoint ThreatSeeker,,,
Dominio,clickbait.site,-37,7,2025-04-11 09:16,,Google Domains,Forcepoint ThreatSeeker,,,
IP,123.45.67.89,3868,80,2025-04-22 23:27,EE.UU.,,,,,
Dominio,clickbait.site,4111,15,2025-04-21 08:38,,GoDaddy,"BitDefender,Dr.Web",,,
Dominio,clickbait.site,4743,91,2025-04-26 04:27,,GoDaddy,"BitDefender,Dr.Web",,,
Dominio,phishpage.org,-11,48,2025-04-09 14:14,,NameCheap,"BitDefender,Dr.Web",,,
Dominio,mybanksecure.com,250,99,2025-04-06 09:08,,Google Domains,Forcepoint ThreatSeeker,,,
Dominio,securedata.net,1447,9,2025-04-01 10:08,,Google Domains,Forcepoint ThreatSeeker,,,
IP,123.45.67.89,4776,69,2025-04-21 05:50,Desconocido,,,,,
URL,weather.info,1328,29,2025-04-06 07:38,,,,,,
IP,192.168.1.1,1639,61,2025-04-24 20:02,CanadÃ¡,,,,,
Hash,ffeeddaa1122334455667788,2321,72,2025-04-12 21:39,,,,archivo36.exe,Win32 EXE,400654 bytes
IP,192.168.1.1,3085,75,2025-04-20 06:09,EE.UU.,,,,,
IP,123.45.67.89,815,40,2025-04-13 22:24,EE.UU.,,,,,
URL,weather.info,1437,98,2025-04-21 03:28,,,,,,
Hash,0f1e2d3c4b5a697877665544,5817,37,2025-04-12 11:00,,,,archivo58.exe,Win32 EXE,433022 bytes
URL,shop123.org,2526,48,2025-04-28 03:47,,,,,,
URL,weather.info,3536,66,2025-04-23 12:38,,,,,,
IP,172.217.0.0,2786,28,2025-04-14 15:34,EE.UU.,,,,,
IP,10.0.0.5,414,97,2025-04-22 01:40,EE.UU.,,,,,
URL,shop123.org,5988,31,2025-04-09 21:12,,,,,,
IP,123.45.67.89,3218,66,2025-04-10 18:21,Desconocido,,,,,
IP,123.45.67.89,2718,19,2025-04-14 05:20,CanadÃ¡,,,,,
IP,123.45.67.89,4429,73,2025-04-04 18:52,Desconocido,,,,,
URL,freevpn.io,3570,40,2025-04-01 09:52,,,,,,
Dominio,securedata.net,1855,84,2025-04-09 19:43,,Google Domains,"BitDefender,Dr.Web",,,
Hash,a1b2c3d4e5f6g7h8i9j0,5586,4,2025-04-04 10:53,,,,archivo3.exe,Win32 EXE,365693 bytes
Hash,deadbeef1234567890abcd,2763,23,2025-04-14 16:15,,,,archivo40.exe,Win32 EXE,354970 bytes
Hash,0f1e2d3c4b5a697877665544,2994,7,2025-04-07 15:20,,,,archivo82.exe,Win32 EXE,347975 bytes
Dominio,securedata.net,3341,45,2025-04-17 17:40,,GoDaddy,Forcepoint ThreatSeeker,,,
URL,malicious.net,4996,55,2025-04-03 06:30,,,,,,
URL,example.com,288,73,2025-04-23 04:23,,,,,,
Dominio,phishpage.org,3042,59,2025-04-02 19:37,,Google Domains,Kaspersky,,,
Hash,ffeeddaa1122334455667788,578,78,2025-05-01 10:03,,,,archivo39.exe,Win32 EXE,429523 bytes
Hash,deadbeef1234567890abcd,1498,86,2025-04-10 23:25,,,,archivo40.exe,Win32 EXE,417443 bytes
Hash,0f1e2d3c4b5a697877665544,4828,85,2025-04-29 21:02,,,,archivo99.exe,Win32 EXE,236074 bytes
Hash,0f1e2d3c4b5a697877665544,188,36,2025-04-13 17:02,,,,archivo90.exe,Win32 EXE,151049 bytes
Hash,deadbeef1234567890abcd,1227,72,2025-04-30 15:56,,,,archivo51.exe,Win32 EXE,249960 bytes
URL,shop123.org,5830,65,2025-04-29 17:13,,,,,,
URL,example.com,969,61,2025-04-18 12:54,,,,,,
IP,192.168.1.1,2970,0,2025-04-24 03:37,CanadÃ¡,,,,,
Hash,0f1e2d3c4b5a697877665544,3924,98,2025-04-12 02:12,,,,archivo69.exe,Win32 EXE,264708 bytes
URL,malicious.net,2192,14,2025-04-05 21:14,,,,,,
IP,10.0.0.5,5022,21,2025-04-07 10:11,Desconocido,,,,,
Hash,a1b2c3d4e5f6g7h8i9j0,4281,37,2025-04-14 02:09,,,,archivo77.exe,Win32 EXE,244428 bytes
URL,malicious.net,5906,41,2025-04-28 05:16,,,,,,
URL,example.com,5458,77,2025-04-22 20:11,,,,,,
IP,8.8.8.8,3596,43,2025-04-10 13:02,Desconocido,,,,,
Dominio,phishpage.org,1254,12,2025-03-31 11:00,,NameCheap,Forcepoint ThreatSeeker,,,
IP,8.8.8.8,3712,34,2025-04-13 03:20,CanadÃ¡,,,,,
Dominio,mybanksecure.com,4994,1,2025-04-06 22:51,,GoDaddy,"BitDefender,Dr.Web",,,
Dominio,securedata.net,1826,96,2025-04-27 01:13,,GoDaddy,Forcepoint ThreatSeeker,,,
Dominio,mybanksecure.com,5561,75,2025-04-09 16:52,,NameCheap,Kaspersky,,,
IP,123.45.67.89,1171,10,2025-04-23 22:18,Desconocido,,,,,
URL,shop123.org,2197,66,2025-04-24 12:30,,,,,,
Hash,0f1e2d3c4b5a697877665544,2415,44,2025-04-10 07:15,,,,archivo37.exe,Win32 EXE,238777 bytes
IP,10.0.0.5,4537,93,2025-04-26 18:06,EE.UU.,,,,,
URL,weather.info,857,36,2025-04-14 19:35,,,,,,
URL,freevpn.io,13,75,2025-04-21 18:30,,,,,,
Dominio,securedata.net,5549,23,2025-04-19 22:13,,Google Domains,"BitDefender,Dr.Web",,,
Hash,ffeeddaa1122334455667788,2070,20,2025-04-20 19:22,,,,archivo98.exe,Win32 EXE,488885 bytes
URL,freevpn.io,406,44,2025-04-19 18:51,,,,,,
IP,172.217.0.0,5248,67,2025-04-04 14:28,Alemania,,,,,
Hash,a1b2c3d4e5f6g7h8i9j0,2418,68,2025-04-06 18:51,,,,archivo96.exe,Win32 EXE,477870 bytes
IP,10.0.0.5,5798,13,2025-04-18 11:11,Desconocido,,,,,
IP,123.45.67.89,5671,10,2025-04-07 13:52,Desconocido,,,,,
URL,example.com,4966,72,2025-04-17 20:14,,,,,,
Dominio,securedata.net,3710,65,2025-04-14 14:40,,GoDaddy,Forcepoint ThreatSeeker,,,
IP,172.217.0.0,369,26,2025-04-28 03:53,Desconocido,,,,,
IP,10.0.0.5,635,97,2025-04-10 07:45,CanadÃ¡,,,,,
Dominio,mybanksecure.com,5863,57,2025-04-29 08:26,,GoDaddy,"BitDefender,Dr.Web",,,
URL,malicious.net,511,23,2025-04-10 08:15,,,,,,
IP,192.168.1.1,623,53,2025-04-15 01:11,CanadÃ¡,,,,,
URL,example.com,2893,65,2025-04-18 17:15,,,,,,
URL,shop123.org,5323,99,2025-04-20 11:43,,,,,,
Dominio,clickbait.site,4033,60,2025-04-29 16:27,,GoDaddy,Kaspersky,,,
IP,123.45.67.89,5017,3,2025-04-30 16:48,EE.UU.,,,,,
IP,172.217.0.0,2552,26,2025-04-18 01:41,EE.UU.,,,,,
IP,123.45.67.89,2103,64,2025-04-03 23:52,Alemania,,,,,
URL,example.com,706,27,2025-04-07 04:29,,,,,,
Dominio,mybanksecure.com,3909,93,2025-04-04 03:25,,GoDaddy,Forcepoint ThreatSeeker,,,
URL,freevpn.io,1593,37,2025-04-23 15:36,,,,,,
IP,172.217.0.0,1797,11,2025-04-12 16:51,EE.UU.,,,,,
URL,freevpn.io,4045,55,2025-04-20 06:19,,,,,,
URL,weather.info,146,37,2025-04-20 04:18,,,,,,
Dominio,phishpage.org,975,55,2025-04-09 02:57,,NameCheap,Forcepoint ThreatSeeker,,,
Dominio,securedata.net,5203,75,2025-04-01 14:27,,GoDaddy,Forcepoint ThreatSeeker,,,
URL,malicious.net,4416,4,2025-04-30 01:11,,,,,,
URL,freevpn.io,2614,22,2025-04-30 06:12,,,,,,
URL,weather.info,5880,84,2025-04-13 13:50,,,,,,
IP,192.168.1.1,5162,71,2025-04-13 17:58,Alemania,,,,,
Hash,ffeeddaa1122334455667788,2553,40,2025-04-23 08:53,,,,archivo44.exe,Win32 EXE,164924 bytes
Hash,ffeeddaa1122334455667788,4396,0,2025-04-04 07:24,,,,archivo10.exe,Win32 EXE,363631 bytes
Dominio,clickbait.site,4272,52,2025-04-19 02:22,,NameCheap,Kaspersky,,,
Dominio,securedata.net,256,31,2025-04-03 11:15,,Google Domains,Kaspersky,,,
IP,10.0.0.5,5082,93,2025-04-18 17:22,CanadÃ¡,,,,,
Hash,0f1e2d3c4b5a697877665544,334,98,2025-04-28 15:01,,,,archivo53.exe,Win32 EXE,217113 bytes
URL,example.com,3096,72,2025-04-12 03:44,,,,,,
Hash,a1b2c3d4e5f6g7h8i9j0,4878,73,2025-04-25 03:31,,,,archivo69.exe,Win32 EXE,460573 bytes
Dominio,phishpage.org,5096,27,2025-04-01 04:55,,Google Domains,"BitDefender,Dr.Web",,,
Dominio,phishpage.org,2880,22,2025-04-06 04:48,,Google Domains,Forcepoint ThreatSeeker,,,
IP,123.45.67.89,4426,13,2025-04-21 19:47,Alemania,,,,,
URL,example.com,1196,93,2025-03-31 15:47,,,,,,
Hash,ffeeddaa1122334455667788,1195,86,2025-04-29 00:51,,,,archivo79.exe,Win32 EXE,274854 bytes
Hash,a1b2c3d4e5f6g7h8i9j0,2141,61,2025-04-06 07:42,,,,archivo83.exe,Win32 EXE,405093 bytes
Hash,0f1e2d3c4b5a697877665544,4745,34,2025-04-24 15:48,,,,archivo58.exe,Win32 EXE,268312 bytes
IP,192.168.1.1,2118,77,2025-04-18 00:33,Alemania,,,,,
Dominio,phishpage.org,2847,1,2025-04-07 18:22,,NameCheap,"BitDefender,Dr.Web",,,
Dominio,mybanksecure.com,1163,45,2025-04-12 13:14,,NameCheap,Kaspersky,,,
Hash,a1b2c3d4e5f6g7h8i9j0,5669,29,2025-04-04 06:47,,,,archivo92.exe,Win32 EXE,110340 bytes
IP,123.45.67.89,307,35,2025-04-15 20:38,Desconocido,,,,,
IP,123.45.67.89,2952,3,2025-04-09 22:40,Desconocido,,,,,
Hash,a1b2c3d4e5f6g7h8i9j0,4266,98,2025-04-03 16:16,,,,archivo64.exe,Win32 EXE,257574 bytes
Hash,ffeeddaa1122334455667788,4848,62,2025-04-06 20:16,,,,archivo3.exe,Win32 EXE,391116 bytes
Dominio,securedata.net,2651,79,2025-04-17 03:40,,GoDaddy,"BitDefender,Dr.Web",,,
Hash,0f1e2d3c4b5a697877665544,4319,19,2025-04-06 01:38,,,,archivo5.exe,Win32 EXE,378469 bytes
URL,weather.info,2130,37,2025-04-14 00:39,,,,,,
Hash,deadbeef1234567890abcd,1065,78,2025-04-23 07:36,,,,archivo85.exe,Win32 EXE,383448 bytes
Hash,deadbeef1234567890abcd,71,41,2025-04-11 08:39,,,,archivo96.exe,Win32 EXE,269925 bytes
Dominio,phishpage.org,4043,85,2025-04-27 17:18,,NameCheap,Forcepoint ThreatSeeker,,,
URL,shop123.org,348,22,2025-04-27 04:23,,,,,,
Hash,0f1e2d3c4b5a697877665544,1762,58,2025-04-02 10:58,,,,archivo23.exe,Win32 EXE,117283 bytes
IP,10.0.0.5,4089,84,2025-04-27 15:47,Desconocido,,,,,
Dominio,securedata.net,3547,78,2025-04-19 23:20,,GoDaddy,Kaspersky,,,
Dominio,phishpage.org,5793,38,2025-04-16 05:30,,NameCheap,Forcepoint ThreatSeeker,,,
IP,10.0.0.5,1205,69,2025-05-01 07:05,CanadÃ¡,,,,,
IP,8.8.8.8,2049,56,2025-04-21 03:30,Desconocido,,,,,
Hash,deadbeef1234567890abcd,2029,63,2025-04-17 02:54,,,,archivo85.exe,Win32 EXE,166165 bytes
IP,172.217.0.0,2500,47,2025-04-02 02:09,EE.UU.,,,,,
URL,freevpn.io,4585,79,2025-04-25 01:20,,,,,,
Dominio,phishpage.org,1901,38,2025-04-01 00:46,,Google Domains,Forcepoint ThreatSeeker,,,
Dominio,phishpage.org,3735,32,2025-04-04 07:53,,Google Domains,"BitDefender,Dr.Web",,,
URL,weather.info,1136,18,2025-04-14 14:12,,,,,,
Hash,0f1e2d3c4b5a697877665544,4817,100,2025-04-17 21:36,,,,archivo23.exe,Win32 EXE,482285 bytes
IP,8.8.8.8,3653,9,2025-04-05 16:58,Desconocido,,,,,
URL,freevpn.io,4108,23,2025-04-10 13:07,,,,,,
URL,freevpn.io,2244,45,2025-04-08 01:11,,,,,,
Hash,a1b2c3d4e5f6g7h8i9j0,805,24,2025-04-20 07:19,,,,archivo93.exe,Win32 EXE,167666 bytes
Hash,0f1e2d3c4b5a697877665544,1178,30,2025-04-15 13:49,,,,archivo30.exe,Win32 EXE,116070 bytes
Hash,deadbeef1234567890abcd,3982,73,2025-04-27 08:13,,,,archivo43.exe,Win32 EXE,283424 bytes
IP,192.168.1.1,4666,11,2025-04-29 04:00,Desconocido,,,,,
IP,192.168.1.1,3614,59,2025-04-22 14:52,EE.UU.,,,,,
Dominio,clickbait.site,4565,45,2025-04-28 17:37,,NameCheap,Kaspersky,,,
Hash,deadbeef1234567890abcd,4334,59,2025-04-04 15:22,,,,archivo57.exe,Win32 EXE,471634 bytes
Hash,0f1e2d3c4b5a697877665544,2025,10,2025-04-08 12:11,,,,archivo36.exe,Win32 EXE,359709 bytes
URL,malicious.net,790,44,2025-04-07 14:21,,,,,,
Dominio,clickbait.site,5331,56,2025-04-25 18:04,,GoDaddy,Forcepoint ThreatSeeker,,,
Dominio,phishpage.org,2187,54,2025-04-06 19:51,,NameCheap,Forcepoint ThreatSeeker,,,
Dominio,mybanksecure.com,5996,15,2025-04-21 15:56,,GoDaddy,"BitDefender,Dr.Web",,,
URL,example.com,694,16,2025-04-20 16:43,,,,,,
Dominio,mybanksecure.com,1799,91,2025-04-03 23:05,,Google Domains,Kaspersky,,,
Dominio,mybanksecure.com,5440,2,2025-04-05 17:55,,Google Domains,Forcepoint ThreatSeeker,,,
Hash,a1b2c3d4e5f6g7h8i9j0,936,26,2025-04-23 04:29,,,,archivo77.exe,Win32 EXE,444713 bytes
Dominio,clickbait.site,404,43,2025-04-11 05:18,,GoDaddy,"BitDefender,Dr.Web",,,
Dominio,clickbait.site,2715,97,2025-04-17 09:17,,NameCheap,"BitDefender,Dr.Web",,,
Hash,deadbeef1234567890abcd,5814,74,2025-04-04 19:48,,,,archivo57.exe,Win32 EXE,416956 bytes
Dominio,clickbait.site,1427,3,2025-04-11 20:42,,NameCheap,Kaspersky,,,
IP,10.0.0.5,310,68,2025-04-30 21:09,Alemania,,,,,
Hash,ffeeddaa1122334455667788,812,47,2025-04-25 18:16,,,,archivo6.exe,Win32 EXE,405031 bytes
Dominio,mybanksecure.com,26,41,2025-04-09 21:42,,NameCheap,Forcepoint ThreatSeeker,,,
Hash,a1b2c3d4e5f6g7h8i9j0,1097,29,2025-04-16 12:22,,,,archivo37.exe,Win32 EXE,136371 bytes
Dominio,phishpage.org,4387,78,2025-04-13 17:20,,NameCheap,"BitDefender,Dr.Web",,,
Hash,a1b2c3d4e5f6g7h8i9j0,5790,69,2025-04-16 16:56,,,,archivo13.exe,Win32 EXE,212092 bytes
IP,10.0.0.5,2801,90,2025-04-07 13:36,EE.UU.,,,,,
IP,8.8.8.8,193,72,2025-04-28 20:40,CanadÃ¡,,,,,
IP,192.168.1.1,5539,12,2025-04-07 03:40,CanadÃ¡,,,,,
URL,malicious.net,5872,42,2025-04-26 10:30,,,,,,
Dominio,phishpage.org,554,2,2025-04-10 23:50,,NameCheap,Kaspersky,,,
URL,freevpn.io,830,38,2025-04-20 04:13,,,,,,
Dominio,clickbait.site,5294,58,2025-04-18 05:01,,NameCheap,Kaspersky,,,
URL,malicious.net,1281,28,2025-04-12 18:21,,,,,,
URL,example.com,4029,89,2025-04-04 14:42,,,,,,
Hash,a1b2c3d4e5f6g7h8i9j0,2090,41,2025-04-08 01:03,,,,archivo22.exe,Win32 EXE,488354 bytes
URL,weather.info,4674,38,2025-04-02 21:58,,,,,,
Hash,deadbeef1234567890abcd,4983,28,2025-04-11 16:33,,,,archivo61.exe,Win32 EXE,118453 bytes
Hash,deadbeef1234567890abcd,3590,2,2025-04-21 21:58,,,,archivo42.exe,Win32 EXE,229837 bytes
IP,8.8.8.8,4052,29,2025-04-26 13:41,EE.UU.,,,,,
URL,malicious.net,5414,75,2025-04-12 09:04,,,,,,
Hash,0f1e2d3c4b5a697877665544,4134,41,2025-04-28 19:07,,,,archivo70.exe,Win32 EXE,350510 bytes
URL,freevpn.io,4177,2,2025-04-21 21:33,,,,,,
Dominio,clickbait.site,148,42,2025-04-27 21:15,,GoDaddy,Forcepoint ThreatSeeker,,,
Hash,0f1e2d3c4b5a697877665544,2027,69,2025-04-05 19:58,,,,archivo69.exe,Win32 EXE,392782 bytes
Dominio,securedata.net,1910,88,2025-04-13 16:31,,Google Domains,Forcepoint ThreatSeeker,,,
Hash,ffeeddaa1122334455667788,3630,86,2025-04-19 00:41,,,,archivo44.exe,Win32 EXE,391523 bytes
Hash,deadbeef1234567890abcd,2771,77,2025-04-22 02:54,,,,archivo22.exe,Win32 EXE,365374 bytes
Hash,ffeeddaa1122334455667788,1115,73,2025-04-02 23:15,,,,archivo4.exe,Win32 EXE,384846 bytes
Dominio,phishpage.org,3176,4,2025-04-09 13:54,,GoDaddy,Kaspersky,,,
Hash,ffeeddaa1122334455667788,3497,45,2025-04-05 03:30,,,,archivo6.exe,Win32 EXE,393667 bytes
Dominio,clickbait.site,1921,87,2025-04-21 15:22,,NameCheap,Forcepoint ThreatSeeker,,,
URL,weather.info,5658,96,2025-04-20 21:09,,,,,,
IP,10.0.0.5,2388,60,2025-04-07 10:37,Desconocido,,,,,
IP,123.45.67.89,415,64,2025-04-01 08:27,Alemania,,,,,
Dominio,clickbait.site,1532,68,2025-04-12 02:09,,Google Domains,Forcepoint ThreatSeeker,,,
Dominio,securedata.net,926,34,2025-04-13 20:45,,NameCheap,Kaspersky,,,
URL,freevpn.io,551,74,2025-04-26 10:04,,,,,,
IP,123.45.67.89,5480,35,2025-04-16 23:51,EE.UU.,,,,,
Hash,0f1e2d3c4b5a697877665544,4261,91,2025-04-22 00:50,,,,archivo89.exe,Win32 EXE,135812 bytes
Hash,ffeeddaa1122334455667788,2866,89,2025-04-06 17:19,,,,archivo75.exe,Win32 EXE,290915 bytes
URL,shop123.org,5635,11,2025-04-22 14:19,,,,,,
Dominio,securedata.net,1649,85,2025-04-13 00:43,,NameCheap,Forcepoint ThreatSeeker,,,
Hash,a1b2c3d4e5f6g7h8i9j0,3696,75,2025-04-11 06:18,,,,archivo47.exe,Win32 EXE,475993 bytes
URL,shop123.org,367,31,2025-04-07 06:53,,,,,,
URL,shop123.org,4015,45,2025-04-09 04:10,,,,,,
Hash,ffeeddaa1122334455667788,4770,94,2025-04-15 23:32,,,,archivo28.exe,Win32 EXE,271632 bytes
IP,172.217.0.0,5362,12,2025-04-03 05:15,Desconocido,,,,,
IP,192.168.1.1,197,34,2025-04-29 00:50,Alemania,,,,,
IP,123.45.67.89,1231,76,2025-04-11 01:58,Alemania,,,,,
Dominio,clickbait.site,2339,20,2025-04-06 06:20,,Google Domains,"BitDefender,Dr.Web",,,
URL,malicious.net,5909,1,2025-04-24 03:07,,,,,,
Hash,0f1e2d3c4b5a697877665544,4531,25,2025-04-07 08:41,,,,archivo83.exe,Win32 EXE,453558 bytes
Dominio,mybanksecure.com,3032,60,2025-04-02 06:19,,NameCheap,Forcepoint ThreatSeeker,,,
URL,freevpn.io,5378,24,2025-04-04 01:53,,,,,,
URL,weather.info,1130,59,2025-04-10 17:23,,,,,,
IP,123.45.67.89,3053,93,2025-04-24 17:56,Desconocido,,,,,
Hash,ffeeddaa1122334455667788,1468,4,2025-04-24 07:23,,,,archivo74.exe,Win32 EXE,471531 bytes
Hash,ffeeddaa1122334455667788,4995,33,2025-04-09 17:23,,,,archivo55.exe,Win32 EXE,313386 bytes
Hash,0f1e2d3c4b5a697877665544,337,60,2025-04-07 21:34,,,,archivo66.exe,Win32 EXE,190421 bytes
Hash,0f1e2d3c4b5a697877665544,3362,39,2025-04-27 22:51,,,,archivo8.exe,Win32 EXE,235491 bytes
Dominio,phishpage.org,5696,64,2025-04-14 01:27,,Google Domains,Kaspersky,,,
IP,10.0.0.5,2375,64,2025-04-11 10:32,CanadÃ¡,,,,,
Dominio,phishpage.org,1869,65,2025-04-11 23:33,,NameCheap,Kaspersky,,,
Hash,deadbeef1234567890abcd,5785,76,2025-04-17 17:04,,,,archivo91.exe,Win32 EXE,191921 bytes
Hash,ffeeddaa1122334455667788,2879,14,2025-04-01 00:31,,,,archivo57.exe,Win32 EXE,392138 bytes
Dominio,clickbait.site,4734,67,2025-04-12 02:35,,NameCheap,Forcepoint ThreatSeeker,,,
URL,freevpn.io,4930,78,2025-04-22 21:44,,,,,,
Dominio,securedata.net,1781,59,2025-04-20 13:26,,NameCheap,Forcepoint ThreatSeeker,,,
Dominio,mybanksecure.com,5750,27,2025-04-22 00:28,,NameCheap,Forcepoint ThreatSeeker,,,
URL,malicious.net,3727,2,2025-04-01 12:48,,,,,,
URL,freevpn.io,3477,27,2025-04-10 13:50,,,,,,
Dominio,securedata.net,320,88,2025-04-04 06:12,,NameCheap,Kaspersky,,,
IP,172.217.0.0,419,43,2025-04-19 15:47,CanadÃ¡,,,,,
IP,192.168.1.1,5103,91,2025-04-10 21:40,CanadÃ¡,,,,,
Dominio,phishpage.org,1049,5,2025-04-11 09:38,,NameCheap,Forcepoint ThreatSeeker,,,
Hash,a1b2c3d4e5f6g7h8i9j0,3489,61,2025-04-20 20:07,,,,archivo97.exe,Win32 EXE,467135 bytes
IP,192.168.1.1,2468,82,2025-04-24 21:09,Desconocido,,,,,
IP,123.45.67.89,228,11,2025-04-16 21:37,EE.UU.,,,,,
Dominio,phishpage.org,5189,72,2025-04-22 19:29,,Google Domains,Forcepoint ThreatSeeker,,,
Hash,ffeeddaa1122334455667788,203,54,2025-04-23 23:11,,,,archivo20.exe,Win32 EXE,304725 bytes
Dominio,clickbait.site,4990,94,2025-04-27 06:00,,Google Domains,Forcepoint ThreatSeeker,,,
Dominio,securedata.net,1070,9,2025-04-18 19:29,,Google Domains,"BitDefender,Dr.Web",,,
Dominio,securedata.net,3311,64,2025-04-30 04:57,,NameCheap,"BitDefender,Dr.Web",,,
IP,172.217.0.0,5900,3,2025-04-13 21:44,EE.UU.,,,,,
Dominio,mybanksecure.com,5299,23,2025-04-11 22:22,,Google Domains,"BitDefender,Dr.Web",,,
IP,10.0.0.5,3879,10,2025-04-02 14:28,CanadÃ¡,,,,,
URL,shop123.org,4973,96,2025-04-30 11:53,,,,,,
URL,example.com,458,48,2025-04-22 05:42,,,,,,
IP,172.217.0.0,780,83,2025-04-12 23:30,CanadÃ¡,,,,,
Dominio,securedata.net,4547,79,2025-04-04 11:21,,GoDaddy,"BitDefender,Dr.Web",,,
IP,123.45.67.89,4246,72,2025-04-09 07:25,Desconocido,,,,,
Dominio,clickbait.site,2752,34,2025-04-16 13:51,,NameCheap,"BitDefender,Dr.Web",,,
IP,8.8.8.8,-18,100,2025-04-18 17:56,Desconocido,,,,,
URL,malicious.net,5144,81,2025-04-28 00:30,,,,,,
IP,8.8.8.8,2981,80,2025-04-23 19:01,Desconocido,,,,,
URL,freevpn.io,3656,50,2025-04-25 09:39,,,,,,
URL,weather.info,1308,37,2025-04-13 02:29,,,,,,
Hash,ffeeddaa1122334455667788,5246,55,2025-04-09 23:53,,,,archivo18.exe,Win32 EXE,155289 bytes
URL,example.com,3663,96,2025-04-27 01:07,,,,,,
Dominio,mybanksecure.com,3077,80,2025-04-07 17:30,,NameCheap,Kaspersky,,,
Dominio,securedata.net,5408,71,2025-04-04 01:58,,Google Domains,"BitDefender,Dr.Web",,,
Dominio,phishpage.org,3580,5,2025-04-10 14:53,,Google Domains,Forcepoint ThreatSeeker,,,
Hash,ffeeddaa1122334455667788,1609,62,2025-04-25 18:57,,,,archivo23.exe,Win32 EXE,285780 bytes
IP,172.217.0.0,1674,73,2025-04-13 02:24,CanadÃ¡,,,,,
IP,172.217.0.0,3527,76,2025-04-13 02:07,CanadÃ¡,,,,,
IP,123.45.67.89,3722,50,2025-04-15 13:19,Desconocido,,,,,
URL,example.com,1931,92,2025-04-05 12:19,,,,,,
Dominio,securedata.net,268,99,2025-04-24 20:12,,NameCheap,Kaspersky,,,
Hash,a1b2c3d4e5f6g7h8i9j0,2456,44,2025-04-14 21:49,,,,archivo65.exe,Win32 EXE,409446 bytes
IP,192.168.1.1,381,2,2025-04-16 01:03,CanadÃ¡,,,,,
Dominio,phishpage.org,4416,10,2025-04-05 15:33,,GoDaddy,Forcepoint ThreatSeeker,,,
Hash,deadbeef1234567890abcd,4121,42,2025-04-26 10:21,,,,archivo75.exe,Win32 EXE,393889 bytes
Dominio,securedata.net,1723,25,2025-04-28 01:10,,GoDaddy,Kaspersky,,,
Dominio,phishpage.org,3341,12,2025-04-27 20:49,,Google Domains,Forcepoint ThreatSeeker,,,
IP,10.0.0.5,1668,16,2025-04-12 12:08,CanadÃ¡,,,,,
Dominio,securedata.net,4863,22,2025-04-08 12:06,,NameCheap,"BitDefender,Dr.Web",,,
IP,123.45.67.89,3207,27,2025-04-17 16:50,EE.UU.,,,,,
Dominio,mybanksecure.com,2871,79,2025-04-22 06:20,,GoDaddy,Kaspersky,,,
URL,weather.info,3833,52,2025-05-01 04:49,,,,,,
Dominio,phishpage.org,5472,47,2025-04-16 19:51,,NameCheap,"BitDefender,Dr.Web",,,
URL,weather.info,976,29,2025-04-17 20:30,,,,,,
Dominio,clickbait.site,5667,95,2025-04-17 04:09,,Google Domains,"BitDefender,Dr.Web",,,
IP,8.8.8.8,1826,7,2025-04-26 11:06,EE.UU.,,,,,
URL,shop123.org,2608,14,2025-04-29 19:09,,,,,,
Dominio,phishpage.org,5656,44,2025-04-21 01:27,,Google Domains,Kaspersky,,,
Dominio,clickbait.site,2939,63,2025-04-08 18:12,,Google Domains,Kaspersky,,,
Dominio,mybanksecure.com,1361,14,2025-04-25 03:58,,NameCheap,Forcepoint ThreatSeeker,,,
Hash,ffeeddaa1122334455667788,4308,16,2025-04-21 00:39,,,,archivo30.exe,Win32 EXE,220618 bytes
Dominio,clickbait.site,3081,41,2025-04-14 10:46,,Google Domains,Kaspersky,,,
Dominio,phishpage.org,11,73,2025-04-22 20:42,,Google Domains,Kaspersky,,,
Dominio,clickbait.site,4855,40,2025-03-31 16:27,,NameCheap,"BitDefender,Dr.Web",,,
IP,123.45.67.89,4314,66,2025-04-15 21:36,Alemania,,,,,
IP,192.168.1.1,2426,70,2025-04-16 13:42,CanadÃ¡,,,,,
Hash,0f1e2d3c4b5a697877665544,5647,78,2025-04-18 22:27,,,,archivo95.exe,Win32 EXE,369538 bytes
Hash,0f1e2d3c4b5a697877665544,3076,31,2025-04-29 11:18,,,,archivo74.exe,Win32 EXE,186521 bytes
Hash,deadbeef1234567890abcd,2375,39,2025-04-04 22:22,,,,archivo23.exe,Win32 EXE,419271 bytes
Hash,ffeeddaa1122334455667788,1012,80,2025-04-06 10:16,,,,archivo19.exe,Win32 EXE,402018 bytes
URL,malicious.net,1423,32,2025-04-27 20:55,,,,,,
Hash,a1b2c3d4e5f6g7h8i9j0,287,61,2025-04-25 19:32,,,,archivo98.exe,Win32 EXE,270120 bytes
Dominio,clickbait.site,341,10,2025-04-18 01:38,,NameCheap,"BitDefender,Dr.Web",,,
Dominio,mybanksecure.com,2387,36,2025-04-14 20:48,,GoDaddy,"BitDefender,Dr.Web",,,
IP,10.0.0.5,4982,44,2025-04-01 10:30,CanadÃ¡,,,,,
IP,10.0.0.5,3818,52,2025-04-11 04:25,EE.UU.,,,,,
URL,example.com,5416,46,2025-04-29 09:46,,,,,,
IP,8.8.8.8,2009,24,2025-04-10 17:58,EE.UU.,,,,,
Hash,a1b2c3d4e5f6g7h8i9j0,3321,58,2025-04-09 18:39,,,,archivo34.exe,Win32 EXE,338555 bytes
Hash,deadbeef1234567890abcd,4606,6,2025-04-14 18:18,,,,archivo69.exe,Win32 EXE,305210 bytes
IP,123.45.67.89,4464,13,2025-04-03 11:14,EE.UU.,,,,,
URL,freevpn.io,1657,59,2025-04-01 04:19,,,,,,
URL,malicious.net,1861,84,2025-04-25 06:22,,,,,,
IP,123.45.67.89,2695,81,2025-04-25 21:57,Alemania,,,,,
URL,freevpn.io,2907,19,2025-04-16 21:27,,,,,,
URL,malicious.net,3094,10,2025-04-18 23:53,,,,,,
Dominio,securedata.net,1839,45,2025-04-25 04:20,,GoDaddy,Forcepoint ThreatSeeker,,,
URL,shop123.org,4807,42,2025-04-27 02:51,,,,,,
URL,shop123.org,422,10,2025-04-24 12:59,,,,,,
Dominio,phishpage.org,3700,75,2025-04-21 14:25,,Google Domains,Forcepoint ThreatSeeker,,,
IP,172.217.0.0,5821,50,2025-04-07 00:04,Alemania,,,,,
URL,weather.info,2925,45,2025-04-23 02:39,,,,,,
Hash,a1b2c3d4e5f6g7h8i9j0,1139,22,2025-04-26 12:32,,,,archivo26.exe,Win32 EXE,334023 bytes
URL,shop123.org,868,90,2025-04-28 20:20,,,,,,
Dominio,mybanksecure.com,3771,76,2025-04-14 16:14,,NameCheap,Kaspersky,,,
URL,shop123.org,2497,0,2025-04-12 08:53,,,,,,
IP,10.0.0.5,257,5,2025-04-24 11:56,EE.UU.,,,,,
Hash,ffeeddaa1122334455667788,4329,61,2025-04-29 13:07,,,,archivo47.exe,Win32 EXE,454940 bytes
IP,172.217.0.0,4318,72,2025-04-13 04:47,Desconocido,,,,,
IP,8.8.8.8,500,25,2025-04-26 06:32,EE.UU.,,,,,
IP,8.8.8.8,3470,28,2025-04-17 08:36,Alemania,,,,,
Hash,0f1e2d3c4b5a697877665544,2028,7,2025-04-17 09:54,,,,archivo55.exe,Win32 EXE,139893 bytes
IP,123.45.67.89,2907,20,2025-04-05 20:20,Desconocido,,,,,
Hash,0f1e2d3c4b5a697877665544,3337,46,2025-04-24 22:53,,,,archivo83.exe,Win32 EXE,140522 bytes
Dominio,clickbait.site,3088,15,2025-04-19 12:12,,Google Domains,"BitDefender,Dr.Web",,,
Hash,ffeeddaa1122334455667788,4030,14,2025-04-23 19:39,,,,archivo5.exe,Win32 EXE,308974 bytes
Dominio,phishpage.org,3838,17,2025-04-02 22:08,,NameCheap,Kaspersky,,,
Dominio,clickbait.site,5918,26,2025-04-03 14:18,,Google Domains,Forcepoint ThreatSeeker,,,
URL,malicious.net,2196,72,2025-04-28 12:14,,,,,,
URL,example.com,5265,82,2025-04-29 09:32,,,,,,
Dominio,phishpage.org,1862,100,2025-04-15 00:23,,NameCheap,Kaspersky,,,
Hash,ffeeddaa1122334455667788,5417,14,2025-04-19 17:52,,,,archivo69.exe,Win32 EXE,357410 bytes
IP,192.168.1.1,3042,68,2025-04-24 12:16,Alemania,,,,,
URL,example.com,3855,56,2025-04-23 13:33,,,,,,
IP,10.0.0.5,5120,6,2025-04-04 08:02,CanadÃ¡,,,,,
IP,10.0.0.5,5997,71,2025-04-02 17:12,Desconocido,,,,,
Hash,ffeeddaa1122334455667788,1385,100,2025-04-10 06:46,,,,archivo16.exe,Win32 EXE,166399 bytes
URL,shop123.org,2895,13,2025-04-11 03:18,,,,,,
IP,123.45.67.89,4246,28,2025-04-28 10:48,Alemania,,,,,
IP,10.0.0.5,3683,70,2025-04-17 03:04,CanadÃ¡,,,,,
IP,172.217.0.0,2594,49,2025-04-25 09:40,EE.UU.,,,,,
Dominio,clickbait.site,5300,16,2025-04-01 05:10,,GoDaddy,Kaspersky,,,
Dominio,securedata.net,5614,87,2025-04-19 01:29,,NameCheap,"BitDefender,Dr.Web",,,
Dominio,mybanksecure.com,3277,71,2025-04-18 18:04,,NameCheap,Forcepoint ThreatSeeker,,,
Hash,ffeeddaa1122334455667788,1787,48,2025-04-14 01:16,,,,archivo58.exe,Win32 EXE,407024 bytes
Hash,ffeeddaa1122334455667788,1185,25,2025-04-20 22:12,,,,archivo28.exe,Win32 EXE,243368 bytes
IP,10.0.0.5,2043,87,2025-04-28 09:28,Desconocido,,,,,
Dominio,clickbait.site,5995,69,2025-04-02 18:29,,NameCheap,Kaspersky,,,
Dominio,securedata.net,2813,72,2025-04-29 10:21,,GoDaddy,Forcepoint ThreatSeeker,,,
IP,8.8.8.8,2947,36,2025-04-27 09:37,CanadÃ¡,,,,,
Hash,a1b2c3d4e5f6g7h8i9j0,5073,61,2025-04-20 03:30,,,,archivo79.exe,Win32 EXE,109707 bytes
Dominio,mybanksecure.com,2297,0,2025-04-17 16:29,,Google Domains,Forcepoint ThreatSeeker,,,
Dominio,mybanksecure.com,2477,29,2025-04-29 04:16,,Google Domains,"BitDefender,Dr.Web",,,
Dominio,clickbait.site,521,13,2025-04-28 18:02,,GoDaddy,Forcepoint ThreatSeeker,,,
Hash,0f1e2d3c4b5a697877665544,5839,82,2025-04-27 01:34,,,,archivo30.exe,Win32 EXE,430719 bytes
Hash,ffeeddaa1122334455667788,19,63,2025-04-14 19:14,,,,archivo59.exe,Win32 EXE,195468 bytes
URL,freevpn.io,2389,89,2025-04-22 18:54,,,,,,
URL,shop123.org,811,48,2025-04-19 16:43,,,,,,
Hash,0f1e2d3c4b5a697877665544,1988,58,2025-04-05 17:50,,,,archivo64.exe,Win32 EXE,446184 bytes
Dominio,phishpage.org,4122,48,2025-04-07 13:19,,NameCheap,Kaspersky,,,
IP,192.168.1.1,4516,42,2025-05-01 02:25,Alemania,,,,,
Dominio,mybanksecure.com,1869,12,2025-04-14 07:48,,GoDaddy,"BitDefender,Dr.Web",,,
Hash,ffeeddaa1122334455667788,3379,44,2025-04-13 01:13,,,,archivo11.exe,Win32 EXE,123693 bytes
Hash,a1b2c3d4e5f6g7h8i9j0,1816,1,2025-04-08 03:01,,,,archivo35.exe,Win32 EXE,310092 bytes
URL,shop123.org,5540,78,2025-04-03 14:10,,,,,,
Hash,deadbeef1234567890abcd,5966,41,2025-04-18 09:55,,,,archivo19.exe,Win32 EXE,396005 bytes
Dominio,clickbait.site,269,59,2025-04-22 15:32,,NameCheap,Kaspersky,,,
IP,123.45.67.89,662,81,2025-04-01 20:12,Alemania,,,,,
IP,123.45.67.89,1212,79,2025-04-05 00:48,Desconocido,,,,,
URL,shop123.org,5081,0,2025-04-21 23:44,,,,,,
Hash,0f1e2d3c4b5a697877665544,1238,64,2025-04-05 11:07,,,,archivo51.exe,Win32 EXE,289436 bytes
URL,freevpn.io,1787,31,2025-04-29 17:26,,,,,,
Hash,deadbeef1234567890abcd,1026,24,2025-04-08 09:12,,,,archivo87.exe,Win32 EXE,179382 bytes
IP,123.45.67.89,4249,94,2025-04-13 19:28,Desconocido,,,,,
Dominio,mybanksecure.com,5651,99,2025-04-22 15:31,,GoDaddy,Forcepoint ThreatSeeker,,,
Dominio,phishpage.org,2216,100,2025-04-15 15:06,,Google Domains,Forcepoint ThreatSeeker,,,
IP,123.45.67.89,2026,71,2025-04-03 14:59,Alemania,,,,,
Hash,deadbeef1234567890abcd,5072,7,2025-04-17 09:15,,,,archivo61.exe,Win32 EXE,382469 bytes
Dominio,clickbait.site,4726,89,2025-04-16 22:44,,NameCheap,"BitDefender,Dr.Web",,,
URL,malicious.net,5843,32,2025-04-12 04:30,,,,,,
Dominio,clickbait.site,-1,22,2025-04-20 09:58,,Google Domains,Kaspersky,,,
Hash,ffeeddaa1122334455667788,3633,95,2025-04-18 12:23,,,,archivo2.exe,Win32 EXE,490735 bytes
URL,malicious.net,488,56,2025-04-19 15:30,,,,,,
Hash,0f1e2d3c4b5a697877665544,24,48,2025-04-17 11:48,,,,archivo32.exe,Win32 EXE,354551 bytes
Dominio,securedata.net,822,59,2025-04-07 12:18,,GoDaddy,Forcepoint ThreatSeeker,,,
Dominio,phishpage.org,1196,34,2025-04-05 22:24,,GoDaddy,Kaspersky,,,
URL,example.com,63,28,2025-04-06 00:39,,,,,,
Dominio,clickbait.site,4606,62,2025-04-12 10:54,,NameCheap,Kaspersky,,,
Dominio,securedata.net,1189,90,2025-04-25 01:35,,NameCheap,"BitDefender,Dr.Web",,,
URL,weather.info,2466,59,2025-04-17 02:19,,,,,,
Dominio,mybanksecure.com,3733,87,2025-04-02 06:01,,GoDaddy,"BitDefender,Dr.Web",,,
IP,192.168.1.1,3801,72,2025-04-26 22:35,Desconocido,,,,,
IP,192.168.1.1,628,70,2025-04-16 06:02,EE.UU.,,,,,
IP,172.217.0.0,4765,82,2025-04-15 07:38,Desconocido,,,,,
IP,10.0.0.5,2854,58,2025-04-20 13:19,Alemania,,,,,
Hash,a1b2c3d4e5f6g7h8i9j0,3158,6,2025-04-18 05:28,,,,archivo64.exe,Win32 EXE,435571 bytes
URL,malicious.net,4550,6,2025-04-16 14:34,,,,,,
IP,172.217.0.0,2175,16,2025-04-10 21:39,CanadÃ¡,,,,,
URL,malicious.net,3636,92,2025-04-01 12:23,,,,,,
Dominio,phishpage.org,5934,99,2025-04-26 18:05,,Google Domains,Kaspersky,,,
Hash,a1b2c3d4e5f6g7h8i9j0,92,75,2025-04-19 21:55,,,,archivo35.exe,Win32 EXE,352431 bytes
Dominio,securedata.net,565,80,2025-04-12 00:37,,GoDaddy,Forcepoint ThreatSeeker,,,
URL,malicious.net,5108,53,2025-04-24 16:07,,,,,,
URL,example.com,1260,34,2025-04-22 12:58,,,,,,
IP,192.168.1.1,4045,25,2025-04-01 14:39,Alemania,,,,,
URL,weather.info,4959,99,2025-04-12 22:56,,,,,,
IP,10.0.0.5,4748,18,2025-04-14 18:39,EE.UU.,,,,,
Hash,deadbeef1234567890abcd,5976,83,2025-04-13 22:24,,,,archivo1.exe,Win32 EXE,107661 bytes
Dominio,mybanksecure.com,5521,34,2025-04-24 13:03,,GoDaddy,Forcepoint ThreatSeeker,,,
URL,malicious.net,5041,2,2025-04-26 06:26,,,,,,
IP,123.45.67.89,2415,5,2025-04-03 10:34,Alemania,,,,,
Hash,ffeeddaa1122334455667788,4579,17,2025-04-28 20:52,,,,archivo77.exe,Win32 EXE,493350 bytes
Hash,ffeeddaa1122334455667788,4514,89,2025-04-19 03:13,,,,archivo93.exe,Win32 EXE,393678 bytes
URL,example.com,4301,50,2025-04-16 15:38,,,,,,
IP,123.45.67.89,362,60,2025-04-20 07:44,Desconocido,,,,,
URL,malicious.net,2183,64,2025-04-18 04:07,,,,,,
Hash,a1b2c3d4e5f6g7h8i9j0,3160,77,2025-04-12 23:50,,,,archivo95.exe,Win32 EXE,285658 bytes
IP,123.45.67.89,2103,27,2025-04-14 06:13,Desconocido,,,,,
URL,shop123.org,2475,52,2025-04-24 18:35,,,,,,
Dominio,phishpage.org,3913,63,2025-04-26 13:21,,NameCheap,Kaspersky,,,
Dominio,securedata.net,5456,9,2025-04-08 21:28,,GoDaddy,Forcepoint ThreatSeeker,,,
Hash,ffeeddaa1122334455667788,957,74,2025-04-04 15:44,,,,archivo56.exe,Win32 EXE,453845 bytes
URL,freevpn.io,1937,43,2025-04-06 04:38,,,,,,
Dominio,mybanksecure.com,5319,73,2025-04-11 13:23,,Google Domains,Forcepoint ThreatSeeker,,,
IP,123.45.67.89,4129,57,2025-04-28 11:18,CanadÃ¡,,,,,
Dominio,mybanksecure.com,3161,91,2025-04-21 20:21,,Google Domains,Kaspersky,,,
URL,example.com,5391,29,2025-04-29 12:09,,,,,,
Dominio,securedata.net,398,86,2025-04-11 07:35,,Google Domains,"BitDefender,Dr.Web",,,
IP,8.8.8.8,351,57,2025-04-16 14:47,Desconocido,,,,,
Dominio,clickbait.site,3217,66,2025-04-17 17:00,,Google Domains,Forcepoint ThreatSeeker,,,
URL,shop123.org,4510,21,2025-04-04 02:38,,,,,,
Dominio,clickbait.site,5060,79,2025-04-19 08:00,,GoDaddy,"BitDefender,Dr.Web",,,
Hash,deadbeef1234567890abcd,4170,100,2025-04-04 05:09,,,,archivo54.exe,Win32 EXE,446888 bytes
URL,freevpn.io,3854,86,2025-04-27 18:56,,,,,,
Dominio,securedata.net,1995,64,2025-04-30 07:06,,Google Domains,"BitDefender,Dr.Web",,,
Hash,ffeeddaa1122334455667788,1458,55,2025-04-19 04:42,,,,archivo32.exe,Win32 EXE,391951 bytes
IP,10.0.0.5,2709,52,2025-04-30 15:53,Alemania,,,,,
Dominio,clickbait.site,4591,19,2025-03-31 20:25,,GoDaddy,Kaspersky,,,
Dominio,clickbait.site,3347,65,2025-04-11 19:44,,Google Domains,Kaspersky,,,
IP,192.168.1.1,3282,11,2025-04-14 20:36,Desconocido,,,,,
Hash,ffeeddaa1122334455667788,5382,25,2025-04-05 03:33,,,,archivo97.exe,Win32 EXE,273214 bytes
URL,example.com,3441,65,2025-04-01 23:09,,,,,,
Hash,a1b2c3d4e5f6g7h8i9j0,3354,11,2025-04-10 10:06,,,,archivo74.exe,Win32 EXE,357231 bytes
Dominio,phishpage.org,2230,31,2025-04-02 13:14,,Google Domains,Forcepoint ThreatSeeker,,,
Dominio,phishpage.org,3366,31,2025-04-18 21:23,,Google Domains,Kaspersky,,,
Hash,a1b2c3d4e5f6g7h8i9j0,5536,51,2025-04-29 09:03,,,,archivo57.exe,Win32 EXE,181328 bytes
Hash,0f1e2d3c4b5a697877665544,3903,12,2025-04-10 19:58,,,,archivo23.exe,Win32 EXE,145341 bytes
Dominio,clickbait.site,3257,51,2025-04-27 01:04,,NameCheap,"BitDefender,Dr.Web",,,
Dominio,mybanksecure.com,2618,92,2025-04-24 19:15,,Google Domains,Kaspersky,,,
IP,123.45.67.89,2941,63,2025-04-19 13:00,EE.UU.,,,,,
Hash,deadbeef1234567890abcd,18,97,2025-04-02 09:30,,,,archivo3.exe,Win32 EXE,215338 bytes
Hash,ffeeddaa1122334455667788,2816,78,2025-04-23 18:38,,,,archivo75.exe,Win32 EXE,399569 bytes
Dominio,mybanksecure.com,1250,6,2025-04-29 06:22,,Google Domains,Kaspersky,,,
IP,10.0.0.5,5779,14,2025-04-26 16:08,Desconocido,,,,,
Dominio,mybanksecure.com,3806,42,2025-04-13 07:00,,NameCheap,Kaspersky,,,
Dominio,phishpage.org,4851,89,2025-04-18 12:15,,Google Domains,"BitDefender,Dr.Web",,,
Hash,a1b2c3d4e5f6g7h8i9j0,4848,23,2025-04-15 23:33,,,,archivo47.exe,Win32 EXE,425690 bytes
Hash,a1b2c3d4e5f6g7h8i9j0,5028,88,2025-04-09 02:47,,,,archivo37.exe,Win32 EXE,143837 bytes
IP,8.8.8.8,4237,38,2025-04-04 22:00,CanadÃ¡,,,,,
URL,freevpn.io,443,45,2025-04-03 18:39,,,,,,
URL,weather.info,4891,95,2025-04-24 10:20,,,,,,
Dominio,mybanksecure.com,4418,21,2025-04-02 21:05,,NameCheap,Forcepoint ThreatSeeker,,,
Hash,deadbeef1234567890abcd,5140,43,2025-04-18 12:44,,,,archivo71.exe,Win32 EXE,425650 bytes
Hash,a1b2c3d4e5f6g7h8i9j0,3028,96,2025-04-08 15:54,,,,archivo51.exe,Win32 EXE,339036 bytes
IP,10.0.0.5,4691,46,2025-04-10 23:36,CanadÃ¡,,,,,
Hash,a1b2c3d4e5f6g7h8i9j0,3175,85,2025-04-12 02:53,,,,archivo57.exe,Win32 EXE,458566 bytes
Hash,0f1e2d3c4b5a697877665544,1226,6,2025-04-03 11:54,,,,archivo53.exe,Win32 EXE,100787 bytes
URL,shop123.org,2619,85,2025-04-26 01:32,,,,,,
IP,192.168.1.1,1329,66,2025-04-01 04:14,Alemania,,,,,
Dominio,clickbait.site,2248,25,2025-04-05 16:33,,Google Domains,Kaspersky,,,
URL,freevpn.io,4767,42,2025-04-19 22:03,,,,,,
URL,shop123.org,644,36,2025-04-17 09:28,,,,,,
Hash,a1b2c3d4e5f6g7h8i9j0,4443,20,2025-04-08 22:12,,,,archivo1.exe,Win32 EXE,305960 bytes
URL,weather.info,4444,46,2025-04-15 01:26,,,,,,
Hash,0f1e2d3c4b5a697877665544,5593,32,2025-04-25 22:43,,,,archivo8.exe,Win32 EXE,452853 bytes
IP,192.168.1.1,3125,38,2025-04-14 13:37,EE.UU.,,,,,
Hash,ffeeddaa1122334455667788,5904,41,2025-04-18 19:04,,,,archivo81.exe,Win32 EXE,109497 bytes
Dominio,phishpage.org,540,11,2025-04-21 13:50,,Google Domains,Kaspersky,,,
Dominio,mybanksecure.com,683,97,2025-04-06 02:56,,Google Domains,"BitDefender,Dr.Web",,,
Dominio,clickbait.site,4043,69,2025-04-01 16:03,,NameCheap,"BitDefender,Dr.Web",,,
IP,10.0.0.5,3646,81,2025-04-20 11:40,EE.UU.,,,,,
IP,8.8.8.8,1251,94,2025-04-01 18:27,EE.UU.,,,,,
URL,weather.info,4445,93,2025-04-05 17:43,,,,,,
IP,172.217.0.0,2532,60,2025-04-17 23:58,Desconocido,,,,,
URL,malicious.net,5296,86,2025-04-25 07:25,,,,,,
IP,10.0.0.5,4661,80,2025-04-23 20:23,CanadÃ¡,,,,,
URL,shop123.org,4272,97,2025-04-06 23:50,,,,,,
URL,shop123.org,1169,80,2025-04-07 00:15,,,,,,
URL,example.com,5635,16,2025-04-01 00:48,,,,,,
Dominio,phishpage.org,938,64,2025-04-14 11:51,,NameCheap,"BitDefender,Dr.Web",,,
Hash,ffeeddaa1122334455667788,5304,77,2025-04-24 09:35,,,,archivo48.exe,Win32 EXE,362918 bytes
IP,10.0.0.5,4366,1,2025-04-03 18:24,Desconocido,,,,,
Hash,deadbeef1234567890abcd,2208,97,2025-03-31 16:47,,,,archivo93.exe,Win32 EXE,260239 bytes
IP,192.168.1.1,197,29,2025-04-23 21:53,EE.UU.,,,,,
IP,123.45.67.89,1586,91,2025-04-18 22:03,Desconocido,,,,,
IP,8.8.8.8,1770,98,2025-04-17 07:49,Alemania,,,,,
IP,172.217.0.0,1971,83,2025-04-29 01:30,Alemania,,,,,
IP,8.8.8.8,1651,93,2025-03-31 19:33,EE.UU.,,,,,
IP,192.168.1.1,4413,80,2025-04-07 02:03,Desconocido,,,,,
IP,10.0.0.5,2827,67,2025-04-08 03:11,EE.UU.,,,,,
IP,192.168.1.1,1406,13,2025-04-01 05:10,CanadÃ¡,,,,,
Hash,ffeeddaa1122334455667788,4584,40,2025-04-03 20:40,,,,archivo67.exe,Win32 EXE,146655 bytes
Hash,ffeeddaa1122334455667788,1737,86,2025-04-18 05:33,,,,archivo54.exe,Win32 EXE,129023 bytes
Hash,deadbeef1234567890abcd,1557,7,2025-04-01 23:44,,,,archivo8.exe,Win32 EXE,464069 bytes
Hash,a1b2c3d4e5f6g7h8i9j0,5577,96,2025-04-06 18:49,,,,archivo89.exe,Win32 EXE,326540 bytes
URL,freevpn.io,1323,16,2025-03-31 14:31,,,,,,
IP,172.217.0.0,2649,77,2025-04-24 00:33,Desconocido,,,,,
IP,123.45.67.89,4050,63,2025-04-30 02:02,Desconocido,,,,,
URL,example.com,3292,4,2025-04-27 03:57,,,,,,
Dominio,phishpage.org,5905,17,2025-04-18 19:29,,GoDaddy,"BitDefender,Dr.Web",,,
Hash,ffeeddaa1122334455667788,4625,97,2025-04-18 23:47,,,,archivo4.exe,Win32 EXE,236682 bytes
URL,weather.info,3370,86,2025-03-31 23:46,,,,,,
URL,freevpn.io,2726,66,2025-04-15 06:03,,,,,,
IP,192.168.1.1,1455,79,2025-04-28 00:34,CanadÃ¡,,,,,
Dominio,phishpage.org,2381,19,2025-04-13 14:42,,GoDaddy,Forcepoint ThreatSeeker,,,
URL,example.com,3993,72,2025-04-13 02:03,,,,,,
URL,freevpn.io,1491,5,2025-04-02 10:20,,,,,,
Hash,a1b2c3d4e5f6g7h8i9j0,52,80,2025-04-23 04:25,,,,archivo61.exe,Win32 EXE,382750 bytes
Dominio,clickbait.site,4170,3,2025-04-06 19:08,,NameCheap,Kaspersky,,,
IP,192.168.1.1,4246,72,2025-04-24 17:06,Alemania,,,,,
IP,123.45.67.89,2069,74,2025-04-27 13:41,EE.UU.,,,,,
URL,freevpn.io,17,95,2025-04-09 16:26,,,,,,
URL,weather.info,2371,35,2025-04-30 08:46,,,,,,
Dominio,phishpage.org,617,53,2025-04-21 00:01,,Google Domains,"BitDefender,Dr.Web",,,
IP,192.168.1.1,2883,85,2025-04-26 00:11,EE.UU.,,,,,
Hash,0f1e2d3c4b5a697877665544,2289,61,2025-04-04 10:48,,,,archivo57.exe,Win32 EXE,368820 bytes
IP,123.45.67.89,5413,83,2025-04-25 06:48,Alemania,,,,,
Hash,a1b2c3d4e5f6g7h8i9j0,3783,12,2025-04-28 03:18,,,,archivo75.exe,Win32 EXE,157779 bytes
IP,192.168.1.1,3892,66,2025-04-15 07:06,Desconocido,,,,,
URL,shop123.org,1365,16,2025-04-21 06:56,,,,,,
Dominio,clickbait.site,4253,6,2025-04-21 13:06,,GoDaddy,Forcepoint ThreatSeeker,,,
Dominio,securedata.net,5715,97,2025-04-07 22:55,,Google Domains,Forcepoint ThreatSeeker,,,
Hash,ffeeddaa1122334455667788,2776,88,2025-04-12 07:11,,,,archivo52.exe,Win32 EXE,117500 bytes
Hash,ffeeddaa1122334455667788,5540,68,2025-03-31 21:34,,,,archivo95.exe,Win32 EXE,491532 bytes
Hash,deadbeef1234567890abcd,1590,80,2025-04-01 22:31,,,,archivo20.exe,Win32 EXE,459987 bytes
Dominio,clickbait.site,5111,25,2025-04-17 06:41,,NameCheap,"BitDefender,Dr.Web",,,
URL,example.com,-29,24,2025-04-04 13:53,,,,,,
IP,172.217.0.0,4414,87,2025-03-31 17:35,Alemania,,,,,
Hash,0f1e2d3c4b5a697877665544,2498,90,2025-04-21 16:10,,,,archivo56.exe,Win32 EXE,287803 bytes
IP,192.168.1.1,3305,63,2025-04-16 19:27,CanadÃ¡,,,,,
URL,example.com,2455,59,2025-04-08 03:54,,,,,,
URL,weather.info,2894,77,2025-04-28 12:45,,,,,,
IP,123.45.67.89,3574,71,2025-04-03 05:30,Alemania,,,,,
Dominio,phishpage.org,2396,28,2025-05-01 08:28,,GoDaddy,"BitDefender,Dr.Web",,,
IP,8.8.8.8,574,58,2025-04-01 08:08,EE.UU.,,,,,
URL,example.com,2118,34,2025-04-19 07:44,,,,,,
URL,shop123.org,2890,68,2025-03-31 15:41,,,,,,
URL,malicious.net,2460,91,2025-04-29 22:20,,,,,,
Dominio,securedata.net,4529,53,2025-04-08 08:46,,GoDaddy,"BitDefender,Dr.Web",,,
Dominio,clickbait.site,5997,26,2025-04-21 13:07,,GoDaddy,Kaspersky,,,
Hash,ffeeddaa1122334455667788,5761,5,2025-03-31 20:28,,,,archivo64.exe,Win32 EXE,453011 bytes
Hash,ffeeddaa1122334455667788,4259,6,2025-04-16 03:05,,,,archivo57.exe,Win32 EXE,340632 bytes
Hash,a1b2c3d4e5f6g7h8i9j0,4886,45,2025-04-01 11:07,,,,archivo100.exe,Win32 EXE,291526 bytes
Hash,ffeeddaa1122334455667788,2230,3,2025-04-09 10:31,,,,archivo43.exe,Win32 EXE,120123 bytes
IP,10.0.0.5,406,24,2025-04-04 23:47,Alemania,,,,,
Hash,ffeeddaa1122334455667788,4973,64,2025-04-22 22:34,,,,archivo47.exe,Win32 EXE,114756 bytes
Hash,0f1e2d3c4b5a697877665544,2055,77,2025-04-07 15:08,,,,archivo35.exe,Win32 EXE,226231 bytes
URL,example.com,5343,31,2025-04-12 05:19,,,,,,
IP,10.0.0.5,5136,47,2025-04-09 19:10,EE.UU.,,,,,
URL,weather.info,3222,88,2025-04-02 14:55,,,,,,
URL,freevpn.io,1325,76,2025-04-17 18:42,,,,,,
Dominio,phishpage.org,61,79,2025-04-20 21:38,,GoDaddy,"BitDefender,Dr.Web",,,
IP,8.8.8.8,1108,45,2025-04-18 23:00,Alemania,,,,,
Hash,0f1e2d3c4b5a697877665544,4759,15,2025-04-10 17:35,,,,archivo73.exe,Win32 EXE,226539 bytes
Dominio,clickbait.site,3599,41,2025-04-20 11:55,,Google Domains,Forcepoint ThreatSeeker,,,
Hash,ffeeddaa1122334455667788,2750,94,2025-04-26 05:32,,,,archivo40.exe,Win32 EXE,277631 bytes
Hash,a1b2c3d4e5f6g7h8i9j0,4188,56,2025-04-18 23:46,,,,archivo86.exe,Win32 EXE,413278 bytes
IP,8.8.8.8,560,41,2025-04-18 15:28,CanadÃ¡,,,,,
URL,example.com,3094,6,2025-04-11 08:15,,,,,,
IP,10.0.0.5,5800,66,2025-04-06 15:10,CanadÃ¡,,,,,
Dominio,mybanksecure.com,5530,19,2025-04-28 02:42,,NameCheap,"BitDefender,Dr.Web",,,
Hash,0f1e2d3c4b5a697877665544,5623,37,2025-04-14 01:28,,,,archivo11.exe,Win32 EXE,352330 bytes
URL,shop123.org,4747,33,2025-04-13 10:35,,,,,,
URL,freevpn.io,3170,7,2025-04-26 06:55,,,,,,
Hash,deadbeef1234567890abcd,5174,15,2025-04-02 12:23,,,,archivo41.exe,Win32 EXE,119170 bytes
Hash,a1b2c3d4e5f6g7h8i9j0,856,9,2025-04-27 17:42,,,,archivo41.exe,Win32 EXE,466634 bytes
IP,8.8.8.8,5598,93,2025-04-09 22:08,Alemania,,,,,
Hash,ffeeddaa1122334455667788,907,96,2025-04-24 05:34,,,,archivo41.exe,Win32 EXE,498448 bytes
Hash,a1b2c3d4e5f6g7h8i9j0,3768,12,2025-04-06 20:49,,,,archivo75.exe,Win32 EXE,329711 bytes
IP,172.217.0.0,4157,20,2025-03-31 13:03,Alemania,,,,,
Hash,deadbeef1234567890abcd,5258,22,2025-04-09 20:42,,,,archivo97.exe,Win32 EXE,243846 bytes
Dominio,securedata.net,1547,57,2025-04-14 14:49,,NameCheap,"BitDefender,Dr.Web",,,
Hash,ffeeddaa1122334455667788,144,30,2025-04-07 14:46,,,,archivo75.exe,Win32 EXE,298475 bytes
IP,8.8.8.8,5269,94,2025-04-08 13:04,Desconocido,,,,,
URL,freevpn.io,229,78,2025-04-04 21:49,,,,,,
Dominio,phishpage.org,1160,64,2025-04-23 14:30,,NameCheap,"BitDefender,Dr.Web",,,
Dominio,securedata.net,4392,87,2025-04-05 17:50,,NameCheap,Kaspersky,,,
Dominio,phishpage.org,2129,46,2025-04-14 00:05,,GoDaddy,Kaspersky,,,
IP,123.45.67.89,2789,19,2025-04-07 16:46,Desconocido,,,,,
Hash,deadbeef1234567890abcd,41,52,2025-04-27 10:25,,,,archivo46.exe,Win32 EXE,439187 bytes
IP,172.217.0.0,2195,45,2025-04-02 20:28,EE.UU.,,,,,
Hash,ffeeddaa1122334455667788,52,98,2025-04-18 09:12,,,,archivo6.exe,Win32 EXE,169170 bytes
Hash,deadbeef1234567890abcd,1782,88,2025-04-01 00:33,,,,archivo62.exe,Win32 EXE,279620 bytes
Dominio,mybanksecure.com,3737,71,2025-04-17 21:41,,NameCheap,Kaspersky,,,
IP,172.217.0.0,4570,71,2025-04-23 23:17,Alemania,,,,,
IP,10.0.0.5,2752,24,2025-04-28 10:29,Desconocido,,,,,
URL,shop123.org,279,76,2025-04-12 03:23,,,,,,
Hash,0f1e2d3c4b5a697877665544,5628,12,2025-04-22 06:23,,,,archivo26.exe,Win32 EXE,472829 bytes
IP,192.168.1.1,2765,41,2025-04-11 20:49,EE.UU.,,,,,
IP,10.0.0.5,1051,30,2025-04-26 21:21,Alemania,,,,,
Dominio,mybanksecure.com,3795,42,2025-04-15 09:52,,GoDaddy,Forcepoint ThreatSeeker,,,
Hash,a1b2c3d4e5f6g7h8i9j0,4153,82,2025-03-31 14:16,,,,archivo48.exe,Win32 EXE,499023 bytes
Dominio,clickbait.site,705,22,2025-04-30 08:45,,NameCheap,"BitDefender,Dr.Web",,,
Dominio,clickbait.site,1253,72,2025-04-18 02:13,,Google Domains,"BitDefender,Dr.Web",,,
URL,shop123.org,2798,83,2025-04-18 02:56,,,,,,
Dominio,mybanksecure.com,1702,4,2025-04-27 08:14,,NameCheap,Forcepoint ThreatSeeker,,,
IP,8.8.8.8,530,10,2025-04-09 06:25,EE.UU.,,,,,
Hash,a1b2c3d4e5f6g7h8i9j0,3903,78,2025-04-03 13:44,,,,archivo34.exe,Win32 EXE,253904 bytes
Hash,0f1e2d3c4b5a697877665544,5838,35,2025-04-26 04:17,,,,archivo46.exe,Win32 EXE,233101 bytes
URL,weather.info,2281,47,2025-05-01 02:08,,,,,,
IP,172.217.0.0,4372,77,2025-04-14 23:19,CanadÃ¡,,,,,
Hash,ffeeddaa1122334455667788,4864,42,2025-04-25 08:31,,,,archivo63.exe,Win32 EXE,487566 bytes
IP,10.0.0.5,267,15,2025-04-09 01:18,CanadÃ¡,,,,,
URL,malicious.net,3582,1,2025-04-07 05:15,,,,,,
Hash,0f1e2d3c4b5a697877665544,5659,72,2025-04-09 13:28,,,,archivo89.exe,Win32 EXE,340687 bytes
Dominio,clickbait.site,4023,7,2025-04-23 15:56,,Google Domains,Forcepoint ThreatSeeker,,,
URL,freevpn.io,3978,17,2025-04-19 11:23,,,,,,
URL,malicious.net,4611,58,2025-04-29 18:50,,,,,,
Hash,0f1e2d3c4b5a697877665544,5771,90,2025-04-02 15:13,,,,archivo18.exe,Win32 EXE,273795 bytes
Hash,deadbeef1234567890abcd,252,59,2025-04-29 17:45,,,,archivo26.exe,Win32 EXE,291150 bytes
Hash,ffeeddaa1122334455667788,4971,100,2025-04-05 17:31,,,,archivo14.exe,Win32 EXE,381141 bytes
Dominio,phishpage.org,1014,37,2025-04-01 13:17,,GoDaddy,Kaspersky,,,
Dominio,mybanksecure.com,1446,97,2025-04-08 07:01,,Google Domains,Forcepoint ThreatSeeker,,,
URL,malicious.net,4127,65,2025-04-01 20:12,,,,,,
IP,172.217.0.0,1817,88,2025-03-31 14:18,CanadÃ¡,,,,,
Hash,deadbeef1234567890abcd,352,87,2025-04-29 16:48,,,,archivo38.exe,Win32 EXE,282719 bytes
Dominio,mybanksecure.com,1483,55,2025-04-12 06:37,,GoDaddy,"BitDefender,Dr.Web",,,
Dominio,mybanksecure.com,4549,73,2025-04-30 03:46,,Google Domains,Forcepoint ThreatSeeker,,,
URL,freevpn.io,2561,59,2025-04-11 20:12,,,,,,
Dominio,mybanksecure.com,4906,68,2025-04-04 14:52,,GoDaddy,Kaspersky,,,
Dominio,clickbait.site,976,1,2025-03-31 13:58,,NameCheap,Kaspersky,,,
URL,weather.info,4836,92,2025-04-15 07:00,,,,,,
IP,172.217.0.0,591,35,2025-04-04 20:58,Alemania,,,,,
IP,123.45.67.89,4085,56,2025-04-17 20:56,CanadÃ¡,,,,,
Hash,ffeeddaa1122334455667788,3095,54,2025-04-19 17:00,,,,archivo62.exe,Win32 EXE,395980 bytes
Dominio,mybanksecure.com,1077,63,2025-04-16 08:51,,GoDaddy,Kaspersky,,,
URL,freevpn.io,2424,78,2025-04-04 14:44,,,,,,
IP,172.217.0.0,-18,57,2025-04-22 06:11,CanadÃ¡,,,,,
Dominio,mybanksecure.com,1463,61,2025-04-28 23:27,,NameCheap,"BitDefender,Dr.Web",,,
Hash,a1b2c3d4e5f6g7h8i9j0,336,61,2025-04-09 00:48,,,,archivo72.exe,Win32 EXE,152988 bytes
Dominio,mybanksecure.com,5193,65,2025-04-20 12:33,,GoDaddy,Forcepoint ThreatSeeker,,,
IP,8.8.8.8,214,86,2025-04-18 01:40,EE.UU.,,,,,
IP,172.217.0.0,4196,50,2025-04-06 15:56,EE.UU.,,,,,
Hash,deadbeef1234567890abcd,1037,26,2025-04-19 04:36,,,,archivo43.exe,Win32 EXE,215313 bytes
Hash,0f1e2d3c4b5a697877665544,804,19,2025-04-29 07:17,,,,archivo78.exe,Win32 EXE,415660 bytes
Dominio,phishpage.org,5189,2,2025-04-23 15:58,,GoDaddy,Kaspersky,,,
Hash,ffeeddaa1122334455667788,5222,52,2025-04-09 17:33,,,,archivo16.exe,Win32 EXE,269827 bytes
URL,shop123.org,4621,90,2025-04-04 16:11,,,,,,
Dominio,clickbait.site,3650,48,2025-04-13 17:40,,Google Domains,Kaspersky,,,
URL,freevpn.io,4419,42,2025-04-17 05:22,,,,,,
Hash,deadbeef1234567890abcd,2420,77,2025-04-19 10:41,,,,archivo41.exe,Win32 EXE,207240 bytes
IP,10.0.0.5,2473,21,2025-04-19 22:13,Alemania,,,,,
URL,example.com,4533,19,2025-04-14 07:08,,,,,,
IP,192.168.1.1,2491,17,2025-04-19 19:11,EE.UU.,,,,,
Hash,a1b2c3d4e5f6g7h8i9j0,1871,82,2025-04-09 03:25,,,,archivo57.exe,Win32 EXE,167314 bytes
Hash,ffeeddaa1122334455667788,5559,42,2025-04-01 17:25,,,,archivo4.exe,Win32 EXE,447042 bytes
IP,10.0.0.5,1848,84,2025-04-15 17:33,Desconocido,,,,,
IP,10.0.0.5,3509,54,2025-04-18 06:57,Desconocido,,,,,
URL,example.com,4581,72,2025-04-09 04:18,,,,,,
URL,example.com,5201,2,2025-04-05 14:56,,,,,,
Dominio,clickbait.site,2132,6,2025-04-16 15:33,,NameCheap,Forcepoint ThreatSeeker,,,
URL,shop123.org,3807,81,2025-04-06 01:52,,,,,,
Hash,deadbeef1234567890abcd,4406,73,2025-04-12 00:43,,,,archivo42.exe,Win32 EXE,241671 bytes
URL,freevpn.io,2124,58,2025-04-23 20:10,,,,,,
Hash,0f1e2d3c4b5a697877665544,4214,33,2025-04-13 20:36,,,,archivo6.exe,Win32 EXE,126041 bytes
URL,malicious.net,2255,69,2025-04-01 05:35,,,,,,
Dominio,phishpage.org,2815,70,2025-04-30 01:19,,GoDaddy,Kaspersky,,,
URL,example.com,1439,94,2025-04-26 03:06,,,,,,
Dominio,clickbait.site,2111,71,2025-04-04 22:48,,GoDaddy,Kaspersky,,,
Dominio,phishpage.org,640,20,2025-04-26 04:51,,Google Domains,"BitDefender,Dr.Web",,,
Dominio,phishpage.org,3704,10,2025-04-01 23:25,,NameCheap,"BitDefender,Dr.Web",,,
Dominio,securedata.net,5690,89,2025-04-03 21:13,,NameCheap,Kaspersky,,,
IP,123.45.67.89,4700,4,2025-04-03 21:57,CanadÃ¡,,,,,
Hash,0f1e2d3c4b5a697877665544,2690,97,2025-04-15 07:07,,,,archivo52.exe,Win32 EXE,142194 bytes
URL,example.com,4017,19,2025-03-31 14:10,,,,,,
Dominio,securedata.net,1327,66,2025-04-24 08:43,,GoDaddy,"BitDefender,Dr.Web",,,
Dominio,phishpage.org,4620,90,2025-04-09 04:41,,GoDaddy,"BitDefender,Dr.Web",,,
IP,10.0.0.5,3265,98,2025-04-29 17:26,Alemania,,,,,
URL,example.com,2557,61,2025-04-15 22:01,,,,,,
Hash,a1b2c3d4e5f6g7h8i9j0,3054,32,2025-04-03 04:52,,,,archivo50.exe,Win32 EXE,205363 bytes
Hash,0f1e2d3c4b5a697877665544,3536,88,2025-04-19 09:47,,,,archivo21.exe,Win32 EXE,308101 bytes
URL,example.com,537,60,2025-04-05 04:24,,,,,,
IP,10.0.0.5,3361,12,2025-04-06 10:51,Desconocido,,,,,
Dominio,securedata.net,2039,34,2025-04-20 02:06,,NameCheap,Kaspersky,,,
IP,10.0.0.5,3311,12,2025-04-07 07:51,Alemania,,,,,
Hash,deadbeef1234567890abcd,5658,56,2025-04-29 07:50,,,,archivo13.exe,Win32 EXE,473573 bytes
URL,shop123.org,2888,50,2025-04-20 06:49,,,,,,
Dominio,securedata.net,844,31,2025-04-05 02:27,,NameCheap,"BitDefender,Dr.Web",,,
Dominio,clickbait.site,1084,84,2025-04-25 00:37,,NameCheap,Forcepoint ThreatSeeker,,,
Hash,ffeeddaa1122334455667788,4416,68,2025-04-13 10:03,,,,archivo53.exe,Win32 EXE,101591 bytes
URL,weather.info,1445,75,2025-04-15 03:41,,,,,,
IP,172.217.0.0,237,94,2025-04-20 17:57,Desconocido,,,,,
IP,8.8.8.8,4902,58,2025-04-14 08:40,CanadÃ¡,,,,,
URL,weather.info,932,98,2025-04-10 08:46,,,,,,
IP,10.0.0.5,3775,67,2025-04-14 07:39,Desconocido,,,,,
Dominio,securedata.net,5896,1,2025-04-23 19:24,,GoDaddy,"BitDefender,Dr.Web",,,
URL,weather.info,1682,13,2025-04-17 07:29,,,,,,
IP,172.217.0.0,5517,36,2025-04-01 04:27,EE.UU.,,,,,
Hash,deadbeef1234567890abcd,4517,97,2025-03-31 20:05,,,,archivo40.exe,Win32 EXE,489857 bytes
Hash,ffeeddaa1122334455667788,4505,86,2025-04-29 23:54,,,,archivo74.exe,Win32 EXE,181933 bytes
URL,shop123.org,3292,44,2025-04-01 13:16,,,,,,
Dominio,securedata.net,1298,62,2025-04-25 01:30,,GoDaddy,"BitDefender,Dr.Web",,,
Dominio,securedata.net,4301,4,2025-04-19 14:19,,Google Domains,Kaspersky,,,
IP,172.217.0.0,4637,66,2025-04-07 00:02,CanadÃ¡,,,,,
Dominio,mybanksecure.com,4682,85,2025-04-28 22:44,,GoDaddy,Kaspersky,,,
IP,192.168.1.1,54,14,2025-04-15 17:26,CanadÃ¡,,,,,
Hash,0f1e2d3c4b5a697877665544,3452,28,2025-04-08 23:21,,,,archivo54.exe,Win32 EXE,286253 bytes
Hash,ffeeddaa1122334455667788,3578,42,2025-04-16 15:37,,,,archivo36.exe,Win32 EXE,126540 bytes
URL,example.com,5374,94,2025-04-02 11:08,,,,,,
Dominio,phishpage.org,2946,52,2025-04-20 21:25,,NameCheap,"BitDefender,Dr.Web",,,
Dominio,securedata.net,3395,14,2025-04-27 08:24,,GoDaddy,Kaspersky,,,
Hash,0f1e2d3c4b5a697877665544,3282,79,2025-04-29 13:29,,,,archivo59.exe,Win32 EXE,294875 bytes
Hash,0f1e2d3c4b5a697877665544,3366,9,2025-04-30 16:27,,,,archivo39.exe,Win32 EXE,323784 bytes
URL,weather.info,5671,19,2025-04-17 15:07,,,,,,
Dominio,clickbait.site,2743,21,2025-04-15 04:46,,GoDaddy,"BitDefender,Dr.Web",,,
Dominio,clickbait.site,3095,85,2025-04-23 16:47,,Google Domains,Forcepoint ThreatSeeker,,,
Hash,ffeeddaa1122334455667788,1151,12,2025-04-01 11:15,,,,archivo31.exe,Win32 EXE,265645 bytes
IP,123.45.67.89,3683,36,2025-04-04 19:56,CanadÃ¡,,,,,
Dominio,mybanksecure.com,3100,3,2025-04-15 11:21,,Google Domains,Forcepoint ThreatSeeker,,,
URL,freevpn.io,5469,9,2025-04-04 08:23,,,,,,
Hash,deadbeef1234567890abcd,3732,40,2025-04-01 19:46,,,,archivo63.exe,Win32 EXE,138380 bytes
Dominio,clickbait.site,1794,52,2025-04-21 18:47,,NameCheap,"BitDefender,Dr.Web",,,
IP,10.0.0.5,3126,23,2025-04-14 14:36,EE.UU.,,,,,
URL,malicious.net,1263,37,2025-04-05 08:39,,,,,,
Hash,0f1e2d3c4b5a697877665544,1153,0,2025-04-08 21:23,,,,archivo71.exe,Win32 EXE,371429 bytes
Hash,a1b2c3d4e5f6g7h8i9j0,784,14,2025-03-31 13:12,,,,archivo3.exe,Win32 EXE,347132 bytes
Hash,ffeeddaa1122334455667788,1470,64,2025-04-29 01:57,,,,archivo75.exe,Win32 EXE,294177 bytes
Hash,ffeeddaa1122334455667788,5179,0,2025-04-25 07:29,,,,archivo75.exe,Win32 EXE,307159 bytes
URL,freevpn.io,3204,71,2025-04-01 06:58,,,,,,
IP,172.217.0.0,4499,93,2025-04-24 17:41,Desconocido,,,,,
Hash,a1b2c3d4e5f6g7h8i9j0,922,42,2025-04-17 12:55,,,,archivo45.exe,Win32 EXE,185756 bytes
Hash,ffeeddaa1122334455667788,1971,75,2025-04-13 22:01,,,,archivo16.exe,Win32 EXE,246615 bytes
IP,192.168.1.1,165,99,2025-04-23 08:08,CanadÃ¡,,,,,
Dominio,securedata.net,365,77,2025-04-09 13:41,,NameCheap,Kaspersky,,,
Hash,a1b2c3d4e5f6g7h8i9j0,2627,28,2025-05-01 02:48,,,,archivo82.exe,Win32 EXE,352940 bytes
URL,freevpn.io,5897,3,2025-04-26 04:48,,,,,,
Dominio,clickbait.site,5010,38,2025-04-15 23:02,,NameCheap,Forcepoint ThreatSeeker,,,
IP,192.168.1.1,2084,95,2025-04-07 23:04,EE.UU.,,,,,
URL,freevpn.io,5229,78,2025-04-10 01:19,,,,,,
Dominio,mybanksecure.com,7,11,2025-04-18 09:28,,NameCheap,Kaspersky,,,
URL,example.com,2760,43,2025-04-26 00:24,,,,,,
IP,192.168.1.1,3373,13,2025-04-01 00:15,CanadÃ¡,,,,,
Hash,deadbeef1234567890abcd,5776,40,2025-04-18 09:13,,,,archivo13.exe,Win32 EXE,350895 bytes
URL,example.com,2621,3,2025-04-04 05:57,,,,,,
Dominio,securedata.net,345,73,2025-04-02 08:37,,GoDaddy,Kaspersky,,,
IP,8.8.8.8,4844,13,2025-04-22 09:08,Alemania,,,,,
Hash,a1b2c3d4e5f6g7h8i9j0,1613,39,2025-04-09 05:17,,,,archivo40.exe,Win32 EXE,154997 bytes
IP,192.168.1.1,-25,81,2025-04-29 03:44,CanadÃ¡,,,,,
IP,192.168.1.1,264,6,2025-04-23 22:44,CanadÃ¡,,,,,
URL,malicious.net,155,89,2025-04-11 10:06,,,,,,
URL,shop123.org,4589,84,2025-04-20 07:50,,,,,,
Dominio,mybanksecure.com,3042,1,2025-04-23 17:23,,GoDaddy,Kaspersky,,,
Hash,a1b2c3d4e5f6g7h8i9j0,1952,95,2025-04-18 13:10,,,,archivo37.exe,Win32 EXE,228969 bytes
IP,172.217.0.0,5200,80,2025-04-18 04:49,EE.UU.,,,,,
Dominio,clickbait.site,4491,67,2025-04-03 05:51,,Google Domains,"BitDefender,Dr.Web",,,
Hash,0f1e2d3c4b5a697877665544,288,0,2025-04-19 17:18,,,,archivo98.exe,Win32 EXE,392785 bytes
URL,freevpn.io,4800,46,2025-04-16 07:31,,,,,,
Hash,ffeeddaa1122334455667788,4241,59,2025-04-02 09:12,,,,archivo91.exe,Win32 EXE,313659 bytes
URL,freevpn.io,2703,11,2025-04-18 02:46,,,,,,
IP,8.8.8.8,4515,94,2025-04-17 07:43,CanadÃ¡,,,,,
IP,192.168.1.1,2205,40,2025-04-05 18:53,Alemania,,,,,
URL,weather.info,5125,51,2025-04-15 23:12,,,,,,
URL,shop123.org,465,90,2025-04-12 19:37,,,,,,
URL,weather.info,4018,6,2025-04-20 14:43,,,,,,
Hash,deadbeef1234567890abcd,1785,69,2025-04-01 10:57,,,,archivo43.exe,Win32 EXE,307146 bytes
Dominio,clickbait.site,3012,13,2025-04-28 20:10,,GoDaddy,Forcepoint ThreatSeeker,,,
URL,weather.info,4616,52,2025-04-07 01:46,,,,,,
URL,example.com,5726,10,2025-04-12 13:35,,,,,,
URL,malicious.net,5328,22,2025-04-24 22:47,,,,,,
IP,172.217.0.0,5146,14,2025-04-03 16:57,CanadÃ¡,,,,,
Dominio,securedata.net,113,24,2025-04-13 00:42,,Google Domains,"BitDefender,Dr.Web",,,
IP,10.0.0.5,674,77,2025-04-19 22:37,CanadÃ¡,,,,,
URL,shop123.org,6,47,2025-04-05 11:38,,,,,,
Hash,ffeeddaa1122334455667788,5517,80,2025-04-28 22:08,,,,archivo42.exe,Win32 EXE,473271 bytes
Hash,ffeeddaa1122334455667788,4557,62,2025-04-30 23:47,,,,archivo61.exe,Win32 EXE,392521 bytes
URL,example.com,5745,14,2025-04-01 15:04,,,,,,
Dominio,mybanksecure.com,1184,21,2025-04-24 07:11,,GoDaddy,Forcepoint ThreatSeeker,,,
Hash,deadbeef1234567890abcd,5384,63,2025-04-15 16:26,,,,archivo99.exe,Win32 EXE,239889 bytes
Hash,deadbeef1234567890abcd,2894,27,2025-04-07 01:03,,,,archivo51.exe,Win32 EXE,481525 bytes
URL,example.com,1917,80,2025-04-21 04:20,,,,,,
Hash,a1b2c3d4e5f6g7h8i9j0,516,46,2025-04-09 11:09,,,,archivo10.exe,Win32 EXE,196936 bytes
IP,192.168.1.1,1805,61,2025-04-27 22:53,CanadÃ¡,,,,,
Dominio,phishpage.org,337,28,2025-04-09 05:39,,GoDaddy,Forcepoint ThreatSeeker,,,
URL,example.com,5536,69,2025-04-28 14:34,,,,,,
Dominio,securedata.net,2054,39,2025-04-05 18:54,,NameCheap,Forcepoint ThreatSeeker,,,
Hash,a1b2c3d4e5f6g7h8i9j0,4624,5,2025-04-11 21:25,,,,archivo88.exe,Win32 EXE,492343 bytes
URL,freevpn.io,3068,61,2025-04-04 21:08,,,,,,
URL,shop123.org,5137,39,2025-04-08 17:07,,,,,,
Hash,deadbeef1234567890abcd,1409,82,2025-04-10 16:32,,,,archivo78.exe,Win32 EXE,369567 bytes
URL,malicious.net,279,60,2025-04-12 15:11,,,,,,
IP,192.168.1.1,193,55,2025-04-08 02:52,CanadÃ¡,,,,,
Hash,a1b2c3d4e5f6g7h8i9j0,3142,93,2025-04-10 13:51,,,,archivo89.exe,Win32 EXE,236283 bytes
IP,10.0.0.5,363,34,2025-04-23 11:58,EE.UU.,,,,,
IP,123.45.67.89,5703,31,2025-04-09 09:22,Desconocido,,,,,
Hash,0f1e2d3c4b5a697877665544,2582,25,2025-04-15 09:00,,,,archivo75.exe,Win32 EXE,419570 bytes
Hash,a1b2c3d4e5f6g7h8i9j0,617,2,2025-04-16 21:04,,,,archivo58.exe,Win32 EXE,361504 bytes
URL,weather.info,476,17,2025-04-12 19:51,,,,,,
Dominio,google.com,614,27,2025-04-30 04:12,,MarkMonitor Inc.,"alphaMountain.ai,BitDefender,Sophos,Forcepoint ThreatSeeker",,,
URL,www.binance.com,0,26,2025-04-30 04:14,,,,,,
URL,www.twitter.com,138,28,2025-04-30 04:16,,,,,,
URL,twitter.com,-15,26,2025-04-30 04:16,,,,,,
Hash,1dacdc296fd6ef6ba817b184cce9901901c47c01d849adfa4222bfabfed61838,0,76,2025-04-30 04:17,,,,3388.exe,Win32 EXE,237568 bytes
Hash,1dacdc296fd6ef6ba817b184cce9901901c47c01d849adfa4222bfabfed61838,0,76,2025-04-30 04:21,,,,3388.exe,Win32 EXE,237568 bytes
Hash,1dacdc296fd6ef6ba817b184cce9901901c47c01d849adfa4222bfabfed61838,0,76,2025-04-30 04:24,,,,3388.exe,Win32 EXE,237568 bytes
Hash,1dacdc296fd6ef6ba817b184cce9901901c47c01d849adfa4222bfabfed61838,0,76,2025-04-30 04:25,,,,3388.exe,Win32 EXE,237568 bytes
Hash,1dacdc296fd6ef6ba817b184cce9901901c47c01d849adfa4222bfabfed61838,0,76,2025-04-30 04:32,,,,3388.exe,Win32 EXE,237568 bytes
